Topic,Count,Name,0,1,2,3,4,5,6,7,8,9
-1,153970,-1_retraite_salaire_pouvoir_président,retraite,salaire,pouvoir,président,devoir,payer,taxe,travail,suppression,euro
0,3677,0_commune_communauté_rural_habitant,commune,communauté,rural,habitant,communal,compétence,département,village,région,maire
1,3630,1_école_élève_enseignant_enfant,école,élève,enseignant,enfant,éducation,collège,enseignement,scolaire,lycée,professeur
2,3238,2_énergie_agriculture_pesticide_nucléaire,énergie,agriculture,pesticide,nucléaire,production,électrique,bio,pollution,écologique,eau
3,2652,3_monsieur_macron_président_salutation,monsieur,macron,président,salutation,maire,mr,prier,bonjour,cordialement,agréer
4,2181,4_pension_retraité_retraite_inflation,pension,retraité,retraite,inflation,csg,augmentation,indexation,pourcent,revalorisation,montant
5,2148,5_français_étranger_macron_peuple,français,étranger,macron,peuple,migrant,immigration,arrêter,président,isf,monsieur
6,1869,6_fiscal_fiscalité_évasion_niche,fiscal,fiscalité,évasion,niche,fraude,revenu,optimisation,impôt,taxation,entreprise
7,1524,7_vote_blanc_référendum_initiative,vote,blanc,référendum,initiative,élection,obligatoire,reconnaissance,comptabiliser,proportionnelle,démocratie
8,1259,8_français_xad_langue_peuple,français,xad,langue,peuple,pays,devoir,étranger,république,nation,vouloir
9,1259,9_élection_vote_souhaitable_proportionnelle,élection,vote,souhaitable,proportionnelle,suffrage,blanc,dose,introduire,candidat,925
10,1211,10_kilomètre_vitesse_route_heure,kilomètre,vitesse,route,heure,par,limitation,autoroute,radar,routier,rouler
11,1100,11____,,,,,,,,,,
12,933,12_monsieur_président_bien_vouloir,monsieur,président,bien,vouloir,macron,faire,aller,savoir,peuple,jaune
13,848,13_euro_mois_brut_mensuel,euro,mois,brut,mensuel,net,million,couple,moi,pension,csg
14,771,14_médecin_patient_médical_médecine,médecin,patient,médical,médecine,soin,santé,généraliste,médicament,infirmier,hôpital
15,705,15_message_com_postal_gmail,message,com,postal,gmail,adresse,prénom,fr,nâ,soumission,date
16,610,16_commune_rural_communauté_habitant,commune,rural,communauté,habitant,petit,village,maire,commerce,municipal,âgé
17,578,17_arrondissement_approfondi_dysfonctionnement_indique,arrondissement,approfondi,dysfonctionnement,indique,souhaiter,coordonnée,laisse,analyse,ordre,autour
18,575,18_revoir_falloir_phrase_baisser,revoir,falloir,phrase,baisser,arrêter,aider,beaucoup,travailler,bosser,salaire
19,546,19_légalisation_mourir_euthanasie_ifop,légalisation,mourir,euthanasie,ifop,létal,actif,sondage,décéder,intégrer,contraception
20,534,20_libre_expression_défi_quell,libre,expression,défi,quell,concret,vieux,scientifiquement,échelon,faut,garantir
21,534,21_x92est_qu_x92_rui,x92est,qu,x92,rui,x92en,x92autre,x92on,x92y,siècle,x92er
22,465,22_date_traiter_attention_habitant,date,traiter,attention,habitant,mante,ordre,priorité,problème,demande,ville
23,454,23_dépense_fiscalité_déficit_réponse,dépense,fiscalité,déficit,réponse,utilisation,information,réduire,efficace,domaine,gagner
24,441,24_femme_homme_enfant_père,femme,homme,enfant,père,sexe,égalité,mère,pma,humain,mariage
25,427,25_augmentation_csg_retraite_isf,augmentation,csg,retraite,isf,retraité,smic,revalorisation,achat,retrait,baisse
26,413,26_renouer_syndical_rôle_oui,renouer,syndical,rôle,oui,institutionnel,représenter,association,incivilité,confiance,lien
27,409,27_prénom_nom_adresse_date,prénom,nom,adresse,date,signature,téléphone,2019,mail,rue,postal
28,382,28_kilomètre_route_heure_vitesse,kilomètre,route,heure,vitesse,limitation,autoroute,par,radar,départemental,routier
29,374,29_monsieur_président_français_peuple,monsieur,président,français,peuple,république,déconne,aller,pays,mot,faire
30,374,30_climatique_environnement_quotidien_changement,climatique,environnement,quotidien,changement,réponse,oui,ell,crue,alternatif,dérèglement
31,365,31_suppression_réduction_avantage_diminution,suppression,réduction,avantage,diminution,député,ministre,ancien,cumul,sénateur,privilège
32,353,32_préfecture_préfet_février_prier,préfecture,préfet,février,prier,cedex,joint,réception,bordereau,monsieur,cahier
33,352,33_fiscal_évasion_fraude_paradis,fiscal,évasion,fraude,paradis,lutter,optimisation,fiscalité,lutte,justice,niche
34,337,34_écrire_page_fin_écrite,écrire,page,fin,écrite,pag,texte,capital,mort,,
35,328,35_cahierscitoyens_granddebat_ko_pdf,cahierscitoyens,granddebat,ko,pdf,pièce,joindre,imprimé,fr,cordialement,mairie
36,319,36_peine_détenu_exécution_conduite,peine,détenu,exécution,conduite,transalpin,neutralisation,radicaliser,mafieux,nullement,caractériser
37,313,37_euro_mois_retraite_toucher,euro,mois,retraite,toucher,loyer,mensuel,retraité,csg,travailler,minimum
38,268,38_cahierscitoyens_granddebat_ko_fr,cahierscitoyens,granddebat,ko,fr,pièce,joindre,imprimé,pdf,wanadoo,cordialement
39,264,39_privilège_abolition_sénateur_ancien,privilège,abolition,sénateur,ancien,député,président,république,ministre,diminuer,démission
40,258,40_handicapé_handicap_handicaper_aah,handicapé,handicap,handicaper,aah,adulte,conjoint,accompagnement,esat,alocation,adapter
41,254,41_q3_q4_q5_q2,q3,q4,q5,q2,collecteur,adresser,terminé,q1,modification,ip
42,252,42_km_démarche_parcourir_transférer,km,démarche,parcourir,transférer,distance,accéder,téléphonique,effectuer,manquer,nécessaire
43,247,43_français_vivre_aire_pays,français,vivre,aire,pays,bien,vouloir,aller,payer,arriver,argent
44,243,44_prêt_bénéfique_tabac_alcool,prêt,bénéfique,tabac,alcool,publique,comportement,fiscalité,encourager,09,domaine
45,232,45_kilomètre_heure_vitesse_indexation,kilomètre,heure,vitesse,indexation,par,limitation,route,csg,suppression,retraite
46,225,46_jaune_gilet_vite_marcher,jaune,gilet,vite,marcher,jeune,tollen,dannivill,machen,macht,gillet
47,224,47_agent_chose_démarche_accomplissement,agent,chose,démarche,accomplissement,mauvais,itinérant,polyvalent,effectuer,susceptible,prise
48,224,48_organisation_échelon_administratif_opérateur,organisation,échelon,administratif,opérateur,territorial,évoluer,oui,attacher,collectivité,administration
49,217,49_victime_relaxe_appel_acquittement,victime,relaxe,appel,acquittement,pénal,détenu,civil,peine,second,conditionnel
50,212,50_registre_parapher_soussigner_commune,registre,parapher,soussigner,commune,cahier,contenir,maire,clôturer,février,feuillet
51,209,51_davantage_recours_oui_orientation,davantage,recours,oui,orientation,participatif,associer,inciter,référendum,participation,vote
52,206,52_femme_homme_égalité_enfant,femme,homme,égalité,enfant,femm,égal,divorcer,veuve,égaliter,élever
53,202,53_patron_collectif_entrepreneur_risque,patron,collectif,entrepreneur,risque,développeur,vitrier,sarl,courroie,paysagiste,peintre
54,198,54_élection_vote_voter_démocratie,élection,vote,voter,démocratie,législatif,électeur,référendum,blanc,français,république
55,195,55_ric_mise_matière_place,ric,mise,matière,place,démission,mécringe,macron,mauclain,baisse,keurmeur
56,192,56_fiscal_fiscalité_paradis_impôt,fiscal,fiscalité,paradis,impôt,évasion,tranche,optimisation,français,payer,revenu
57,190,57_suppression_diminution_csg_réduction,suppression,diminution,csg,réduction,ancien,député,avantage,isf,rétablissement,sénateur
58,185,58_transition_écologique_écologie_énergie,transition,écologique,écologie,énergie,ecologie,environnement,énergétique,ecologiqu,peseu,planète
59,184,59_victime_relaxe_appel_acquittement,victime,relaxe,appel,acquittement,pénal,civil,second,tribunal,ravageur,correctionnel
60,183,60_légalisation_euthanasie_mourir_ifop,légalisation,euthanasie,mourir,ifop,létal,actif,sondage,décéder,réanimation,contraception
61,180,61_contribution_thème_coordonnée_dysfonctionnement,contribution,thème,coordonnée,dysfonctionnement,approfondi,indique,souhaiter,75020,citoyenneté,analyse
62,171,62_incivilité_civique_collective_engagement,incivilité,civique,collective,engagement,comportement,pénible,promouvoir,quotidien,parcours,valoriser
63,163,63_paris_formulaire_backoffice_mairie15,paris,formulaire,backoffice,mairie15,textarea_fl6_12,text_fl6_8,textarea_fl6_25,mailto,reply,no
64,152,64_md_travailler_retraité_retraite,md,travailler,retraité,retraite,potentiel,noulette,revoir,augmentation,enfant,augmenter
65,151,65_justice_violence_police_prison,justice,violence,police,prison,policier,belhomme,islamique,fermenter,délinquant,marque
66,148,66_observation_fanny_active_dématérialiser,observation,fanny,active,dématérialiser,democratie,déposer,registre,larios,privacy,pina
67,147,67_fr_secrétariat_cahierscitoyens_granddebat,fr,secrétariat,cahierscitoyens,granddebat,joindre,wanadoo,pièce,ko,pdf,mairie
68,146,68_monsieur_prier_préfet_boulevard,monsieur,prier,préfet,boulevard,réception,fr,février,cedex,fax,joint
69,142,69_consultation_thématique_prononcer_inviter,consultation,thématique,prononcer,inviter,issue,lancer,remarque,thème,autour,commentaire
70,141,70_février_registre_clôturer_clore,février,registre,clôturer,clore,mercredi,maire,cloturé,clôture,cahier,12h00
71,140,71_secrétariat_medoc_lesparre_automatic,secrétariat,medoc,lesparre,automatic,33340,civilité,envoyer,envoyé,message,secretariat
72,140,72_migratoire_immigration_définir_durer,migratoire,immigration,définir,durer,critère,contrepartie,défi,asile,intégration,fixer
73,138,73_laïcité_réciproque_intangible_renforcer,laïcité,réciproque,intangible,renforcer,compréhension,religion,engagement,application,garantir,hui
74,137,74_thématique_facultatif_solution_collecte,thématique,facultatif,solution,collecte,exprimer,habitant,doléance,date,doleance,nom
75,135,75_registre_parapher_clôturer_présent,registre,parapher,clôturer,présent,contenir,février,page,soussigner,maire,feuillet
76,135,76_légalisation_mourir_euthanasie_ifop,légalisation,mourir,euthanasie,ifop,létal,actif,sondage,décéder,intégrer,contraception
77,133,77_cahuzac_dividende_littéralement_poumon,cahuzac,dividende,littéralement,poumon,investissant,confiscatoire,étouffer,notr,soumettre,faite
78,132,78_sénateur_député_privilège_ministre,sénateur,député,privilège,ministre,abolition,ancien,président,république,assemblée,nombre
79,129,79_tribunal_justice_avocat_justiciable,tribunal,justice,avocat,justiciable,juge,jugement,judiciaire,magistrat,procédure,audience
80,129,80_musique_danse_musicien_conservatoire,musique,danse,musicien,conservatoire,tgap,violon,musical,théâtre,salle,redevance
81,128,81_service_maintient_proximité_rural,service,maintient,proximité,rural,sarcelle,maintien,public,passeport,identité,lisarre
82,128,82_cahier_débat_national_grand,cahier,débat,national,grand,citoyen,rimons,33353,83560,84400,60510
83,125,83_illustre_pacifiste_exaction_communiquera,illustre,pacifiste,exaction,communiquera,crise,recréer,malaise,constructif,invite,questionnaire
84,124,84_marseille_mdegert_submission_civilité,marseille,mdegert,submission,civilité,exposer,user,secteur,fr,10,35
85,121,85_libre_expression_faut_défi,libre,expression,faut,défi,quell,scientifiquement,concret,échelon,garantir,collectivite
86,120,86_amif_asso_secretariat_attention,amif,asso,secretariat,attention,traiter,association,contribution,date,fr,ordre
87,119,87_discrimination_incivilité_tolérant_témoin,discrimination,incivilité,tolérant,témoin,répandre,reculer,solidaire,construire,victime,lutter
88,118,88_erreur_oui_foi_affirmer,erreur,oui,foi,affirmer,vou,identifier,complexe,autonomie,défi,juger
89,117,89_hyeres_soumission_print_soumettre,hyeres,soumission,print,soumettre,dll,number,yes,http,198,168
90,113,90_transmettre_préfecture_référent_courrier,transmettre,préfecture,référent,courrier,observation,indiquer,transmission,page,départemental,mail
91,113,91_domaine_dépense_réponse_prioritaire,domaine,dépense,réponse,prioritaire,baisser,priorité,04,territorial,protection,attribution
92,113,92_impatiemment_suggestion_replacer_parole,impatiemment,suggestion,replacer,parole,identification,entamer,décisionnel,écoute,attentif,anonyme
93,112,93_neuilly_neuillyplaisance_pjulliard_plaisance,neuilly,neuillyplaisance,pjulliard,plaisance,secrétariat,thème,prénom,contact,com,adresse
94,112,94_rajout_rayer_clôture_comporte,rajout,rayer,clôture,comporte,cachet,clore,contestation,page,vierge,comptabiliser
95,111,95_cahier_débat_national_grand,cahier,débat,national,grand,citoyen,pezerit,lagruere,trelevern,baigneu,villereal
96,111,96_formulaire_facultatif_grenoble_solution,formulaire,facultatif,grenoble,solution,sce,reply,no,coordination,renseigner,thématique
97,111,97_hyeres_soumission_soumettre_secretariat,hyeres,soumission,soumettre,secretariat,utilisateur,anonyme,com,cabinet,formulaire,submission
98,110,98_victime_relaxe_appel_acquittement,victime,relaxe,appel,acquittement,pénal,détenu,peine,civil,conditionnel,libération
99,108,99_déclenchement_applicable_oui_consulter,déclenchement,applicable,oui,consulter,initiative,transformer,associer,sort,tirer,jouer
100,107,100_évoluer_renoncer_positif_complexe,évoluer,renoncer,positif,complexe,évolution,vou,démarche,cours,raison,manière
101,107,101_monsieur_voter_eurosuro_curo,monsieur,voter,eurosuro,curo,courrier,président,lettre,lecteur,voir,aller
102,106,102_immigration_migrant_immigrant_quota,immigration,migrant,immigrant,quota,illégal,arrêt,démission,frontière,pratiquant,émigration
103,106,103_commune_français_région_communauté,commune,français,région,communauté,métropole,habitation,département,projet,direction,directeur
104,104,104_aspiration_envoi_fondette_coordonnée,aspiration,envoi,fondette,coordonnée,rapporter,mars,consultation,document,nom,attention
105,101,105_jaune_gilet_soutenir_soutien,jaune,gilet,soutenir,soutien,vive,miassa,charrihat,ministan,ikllisibl,havard
106,100,106_veuve_part_demi_veuf,veuve,part,demi,veuf,remettre,rétablir,genopi,impôt,calcul,perrecy
107,100,107_patron_entrepreneur_sarl_risque,patron,entrepreneur,sarl,risque,gérant,dividende,développeur,vitrier,paysagiste,courroie
108,100,108_douloureuser_biodiversité_transition_impérieux,douloureuser,biodiversité,transition,impérieux,conteste,tarder,vieux,concret,massivement,échelon
109,100,109_climatique_érosion_crue_littoral,climatique,érosion,crue,littoral,alternatif,environnement,dérèglement,oui,biodiversité,quotidien
110,98,110_plomelin_finistère_illustre_questionnaire,plomelin,finistère,illustre,questionnaire,invite,fiche,remonter,revendication,remarque,prier
111,96,111_injurieux_expédier_discriminatoire_contribution,injurieux,expédier,discriminatoire,contribution,formulaire,vœu,thématique,libre,violent,lisible
112,95,112_csg_indexation_augmentation_revalorisation,csg,indexation,augmentation,revalorisation,suppression,retraite,pension,annulation,retraité,rétablissement
113,95,113_sénateur_député_privilège_x95,sénateur,député,privilège,x95,ancien,supprimer,cumul,ministre,diminution,mandat
114,94,114_patron_collectif_entrepreneur_courroie,patron,collectif,entrepreneur,courroie,développeur,vitrier,peintre,digital,restaurateur,tpe
115,91,115_animal_élevage_abattoir_chasse,animal,élevage,abattoir,chasse,cirque,maltraitance,corrida,abattage,chien,fourrure
116,91,116_bnri_retard_calendrier_réclamation,bnri,retard,calendrier,réclamation,triage,hiérarchiser,soyon,équipe,vigilance,nouvelle
117,90,117_arranger_calme_aller_chose,arranger,calme,aller,chose,tension,haineux,gagnerai,manifestant,vouloir,femme
118,89,118_inflation_indexation_indexer_retraite,inflation,indexation,indexer,retraite,csg,taux,retraité,rétablissement,isf,revalorisation
119,88,119_document_transmettre_préfet_proposition,document,transmettre,préfet,proposition,parlementaire,cahier,rural,association,maire,doléance
120,87,120_cahuzac_confiscatoire_sarl_gérant,cahuzac,confiscatoire,sarl,gérant,équipe,majoritaire,doélance,désabonnement,01,compter
121,87,121_socialiser_industrie_macdo_rembourser,socialiser,industrie,macdo,rembourser,artisan,commerce,davantage,demeurer,centre,protéger
122,86,122_devillele_dignelesbains_cyrille_cabinet,devillele,dignelesbains,cyrille,cabinet,mairi,envoyé,bain,décembre,attention,ville
123,86,123_alternatif_chauffage_comportement_solution,alternatif,chauffage,comportement,solution,convaincre,modifier,inciter,vélo,mobilité,changer
124,85,124_compétitif_concurrent_réponse_écologique,compétitif,concurrent,réponse,écologique,transition,biodiversité,climat,dégrader,environnement,agricole
125,84,125_médecin_patient_médecine_médical,médecin,patient,médecine,médical,spécialiste,généraliste,rendez,vous,prétexter,traitant
126,82,126_pourquoi_français_fiscal_impôt,pourquoi,français,fiscal,impôt,payer,revenu,équité,aine,fiscalité,freinage
127,81,127_compétitif_réponse_concurrent_transition,compétitif,réponse,concurrent,transition,biodiversité,écologique,climat,agricole,financement,environnement
128,81,128_indexation_coût_indexer_vie,indexation,coût,indexer,vie,retraite,indexe,fonctionnaireder,indexâte,demaret,lezou
129,80,129_consulat_ignominie_attestation_certificat,consulat,ignominie,attestation,certificat,cotiser,souche,désendettement,étranger,registre,arriver
130,80,130_chauffage_comportement_environnement_inciter,chauffage,comportement,environnement,inciter,changer,oui,mode,protéger,supportable,alternatif
131,79,131_handicapé_handicap_handicaper_adulte,handicapé,handicap,handicaper,adulte,handicape,guérisse,conjoint,allocation,bipolaire,situation
132,78,132_français_normal_payer_zouzou,français,normal,payer,zouzou,poser,argent,vrai,essence,pays,question
133,78,133_satisfaction_référent_rencontrer_recruter,satisfaction,référent,rencontrer,recruter,cherche,difficulté,administration,référant,handicap,mentionner
134,77,134_alternatif_mobilité_déplacement_recourir,alternatif,mobilité,déplacement,recourir,essence,vélo,covoiturage,utilisateur,partage,solution
135,77,135_monsieur_lagor_maire_usine,monsieur,lagor,maire,usine,commune,lacr,officiellement,madame,habitant,humilié
136,76,136_marché_halle_guichet_concessionnaire,marché,halle,guichet,concessionnaire,service,sauvette,msap,professionnel,déballage,activité
137,76,137_achat_usurpation_prime_salaire,achat,usurpation,prime,salaire,échec,étiquetage,augmenter,salarié,travailler,smic
138,76,138_passage_vraiment_extrêmement_rompoint,passage,vraiment,extrêmement,rompoint,entendre,bel,voir,adverse,injustice,évaporer
139,76,139_cannabis_canna_légaliser_bistrot,cannabis,canna,légaliser,bistrot,légalisation,prohibition,alcool,tabac,cbn,consommateur
140,74,140_eaux_amand_les_saint,eaux,amand,les,saint,contact,espérance,expéditeur,zimbra,févr,fr
141,74,141_image_visible__,image,visible,,,,,,,,
142,74,142_arrondissement_dysfonctionnement_indique_approfondi,arrondissement,dysfonctionnement,indique,approfondi,coordonnée,analyse,souhaiter,laisse,autour,postal
143,73,143_doléance_doleance_illlisible_doleanve,doléance,doleance,illlisible,doleanve,doelance,illisible,phrase,,,
144,73,144_désigner_débat_caserne_inédit,désigner,débat,caserne,inédit,impartialité,préfecture,préfet,garant,assurer,disposition
145,73,145_2019_01_2018_12,2019,01,2018,12,08,07,06,09,03,04
146,73,146_saint_patron_collectif_entrepreneur,saint,patron,collectif,entrepreneur,sarl,gérant,courroie,risque,développeur,paysagiste
147,72,147_entrepreneur_dividende_sarl_risque,entrepreneur,dividende,sarl,risque,gérant,plombier,développeur,jardinage,courroie,restaurateur
148,71,148_pohtiqu_français_référendum_démocratique,pohtiqu,français,référendum,démocratique,opinion,assemblée,politique,initiative,constitution,constitutionnel
149,70,149_patron_collectif_entrepreneur_risque,patron,collectif,entrepreneur,risque,développeur,chauffagiste,paysagiste,peintre,courroie,vitrier
150,70,150_expert_français_vif_semence,expert,français,vif,semence,prétexte,élu,dialogue,scrie,demander,phrase
151,69,151_survivre_vivre_pauvre_bannir,survivre,vivre,pauvre,bannir,pauvreté,caron,heureux,demain,continuez,vivvre
152,69,152_rajout_rayer_cachet_clôture,rajout,rayer,cachet,clôture,clore,comporte,contestation,page,vierge,républiqu
153,68,153_réunion_participant_intervenant_thème,réunion,participant,intervenant,thème,rendu,applaudissement,bonsoir,débat,salle,intervention
154,68,154_bonjour_joint_cordialement_réception,bonjour,joint,cordialement,réception,trouver,joindre,prier,feuillet,caderousse,pièce
155,68,155_etape_initiative_article_ratification,etape,initiative,article,ratification,référendum,référendaire,pétition,constitution,souveraineté,voie
156,67,156_alternatif_mobilité_déplacement_covoiturage,alternatif,mobilité,déplacement,covoiturage,vélo,essence,recourir,solution,utilisateur,auto
157,67,157_train_bus_transport_métro,train,bus,transport,métro,gare,trajet,parking,commun,tramway,ligne
158,67,158_citoyenneté_organisation_transition_thème,citoyenneté,organisation,transition,thème,écologique,fiscalité,démocratie,thematique,questionnaire,contribuer
159,67,159_rebâtir_accepter_agresse_ample,rebâtir,accepter,agresse,ample,accusation,peur,légitime,clarification,orientation,épuisement
160,67,160_pesticide_glyphosate_bio_herbicide,pesticide,glyphosate,bio,herbicide,interdiction,insecticide,agriculture,cantine,développer,protection
161,66,161_onglet_dépose_informé_75020,onglet,dépose,informé,75020,approfondi,indique,coordonnée,dysfonctionnement,proposition,20
162,66,162_éventuel_biocarburant_rencontre_ticpe,éventuel,biocarburant,rencontre,ticpe,manifestant,bicaméral,précité,schiste,prévisionnel,viser
163,64,163_inaliénable_policier_main_liberté,inaliénable,policier,main,liberté,respect,crevé,restauron,phytothérapie,abusif,concrétisation
164,64,164_tableau_texte_cahier_,tableau,texte,cahier,,,,,,,
165,64,165_amand_les_eaux_saint,amand,les,eaux,saint,renvoyer,eal,mail,contact,déposer,tél
166,64,166_actualité_avenue_tél_amand,actualité,avenue,tél,amand,eal,retrouver,33320,eau,zimbra,carme
167,64,167_recui_résiduel_revenu_profiter,recui,résiduel,revenu,profiter,propriétaire,allocation,payer,complémentaire,travailler,emploi
168,63,168_organisation_échelon_administratif_opérateur,organisation,échelon,administratif,opérateur,territorial,oui,évoluer,attacher,collectivité,pôle
169,63,169_vote_blanc_voter_obligatoire,vote,blanc,voter,obligatoire,falloir,coalition,élection,foyeux,avenai,bennefoy
170,63,170_sarl_gérant_dividende_majoritaire,sarl,gérant,dividende,majoritaire,cahuzac,sas,littéralement,cotisation,insoutenable,poumon
171,63,171_amif_dampmart_traiter_ordre,amif,dampmart,traiter,ordre,asso,date,priorité,gondoire,attention,habitant
172,62,172_violence_violent_police_force,violence,violent,police,force,expliquer,lamine,second,répressif,policier,acceptable
173,62,173_kilomètre_village_bus_rural,kilomètre,village,bus,rural,route,transport,racisme,ville,voiture,tbc
174,62,174_giberville_scanner_feuillet_gibervill,giberville,scanner,feuillet,gibervill,poster,esplanade,synthèse,municipalité,texte,transmettre
175,61,175_formulaire_https_departemental_reunion,formulaire,https,departemental,reunion,departement974,départemental,déclinaison,réunion,détailler,version
176,61,176_préalablement_message_rédaction_renseigner,préalablement,message,rédaction,renseigner,observation,coordonnée,13210,préfecture,déposer,transmettre
177,60,177_préfecture_sous_prefecture_tableau,préfecture,sous,prefecture,tableau,langon,dinan,pluduno,bordereau,fev,février
178,60,178_copain_réélu_pointage_fantôme,copain,réélu,pointage,fantôme,cmu,territoriale,azimut,ata,franchir,planquer
179,59,179_pri_signature_renseigner_document,pri,signature,renseigner,document,nom,connaissance,transmettre,dat,prenoms,tél
180,59,180_décentralisation_faut_défi_améliorer,décentralisation,faut,défi,améliorer,échelon,collectivité,action,renforcer,organiser,répondre
181,59,181_expulsion_violenter_charia_gouvernant,expulsion,violenter,charia,gouvernant,assimilation,haineux,débouter,prière,initiation,fiché
182,58,182_suppression_csg_retraité_augmentation,suppression,csg,retraité,augmentation,cam,hausse,esquert,chahine,revalorisation,mrap
183,58,183_chauffage_comportement_inciter_environnement,chauffage,comportement,inciter,environnement,changer,oui,mode,supportable,protéger,renoncer
184,58,184_dividende_sarl_cahuzac_littéralement,dividende,sarl,cahuzac,littéralement,sas,poumon,investissant,confiscatoire,notr,étouffer
185,57,185_génome_semencière_nanoparticule_fongicide,génome,semencière,nanoparticule,fongicide,antibiotique,trust,bayer,traçabilité,phytosanitaire,écosystème
186,57,186_alternatif_mobilité_covoiturage_vélo,alternatif,mobilité,covoiturage,vélo,recourir,déplacement,solution,essence,convaincre,utilisateur
187,57,187_température_serre_chaude_emballement,température,serre,chaude,emballement,tragique,alarmant,climat,juridiquement,émission,irréversible
188,57,188_irfm_toucher_lambda_écrêtement,irfm,toucher,lambda,écrêtement,démissionner,cotisation,résolument,insaisissable,complète,moyenne
189,57,189_allocation_familial_scolaire_logement,allocation,familial,scolaire,logement,percevoir,rentrée,aide,transite,sanatorium,formation
190,57,190_cahuzac_littéralement_poumon_étouffer,cahuzac,littéralement,poumon,étouffer,aberration,soumettre,sarl,notr,gérant,confiscatoire
191,56,191_fraternelle_annuité_antisocial_véritablement,fraternelle,annuité,antisocial,véritablement,punitif,détenir,cadeau,efficacement,digne,générer
192,56,192_référendum_constitution_destituer_initiative,référendum,constitution,destituer,initiative,abrogatoire,constituer,législatif,degré,révocatoire,politicien
193,56,193_patron_entrepreneur_collectif_développeur,patron,entrepreneur,collectif,développeur,vitrier,chauffagiste,peintre,courroie,12,risque
194,55,194_traiter_date_habitant_ordre,traiter,date,habitant,ordre,bizou,priorité,problème,demande,image,commune
195,55,195_fraternelle_antisocial_annuité_véritablement,fraternelle,antisocial,annuité,véritablement,soussigner,punitif,détenir,efficacement,cadeau,digne
196,55,196_agent_chose_démarche_accomplissement,agent,chose,démarche,accomplissement,itinérant,polyvalent,effectuer,susceptible,prise,mauvais
197,55,197_revoir_époux_retraite_remerciement,revoir,époux,retraite,remerciement,veuve,divorcé,déontologie,indépendamment,démesuré,marie
198,55,198_préfet_certifier_porter_attestation,préfet,certifier,porter,attestation,délégation,numéro,43,expression,préfectur,républiqu
199,55,199_produit_instorer_prix_taxe,produit,instorer,prix,taxe,tva,carburant,consommer,circulaire,ticpe,production
200,54,200_image_document_préfet_transmettre,image,document,préfet,transmettre,proposition,cahier,doléance,damp,parlementaire,logo
201,54,201_donnée_montivillier_recueil_exposé,donnée,montivillier,recueil,exposé,cadre,montivilliers,cocher,achever,organisateur,informe
202,54,202_démarche_réponse_tableau_vou,démarche,réponse,tableau,vou,agent,satisfaction,oui,erreur,difficulté,rencontrer
203,54,203_atelier_synthèse_groupe_restitution,atelier,synthèse,groupe,restitution,constructif,formule,conformément,participant,noter,échange
204,53,204_excision_présidence_inédit_mouvement,excision,présidence,inédit,mouvement,engendrer,dignité,élémentaire,circoncision,document,amnésie
205,53,205_organisation_exprimer_point_souhaiter,organisation,exprimer,point,souhaiter,état,service,réponse,public,paseo,reposer
206,53,206_isoler_ptz_identifier_zéro,isoler,ptz,identifier,zéro,écoprêt,isolation,efficace,éco,absorber,solidaire
207,52,207_coefficient_défense_scandaleusement_français,coefficient,défense,scandaleusement,français,éléctriqu,manisfester,interdiction,industrie,cessant,animal
208,52,208_évêque_mgr_quid_paroisse,évêque,mgr,quid,paroisse,cef,préfectoral,reconnecter,crise,liturgique,catholique
209,52,209_inflation_rétablissement_indexation_usquer,inflation,rétablissement,indexation,usquer,pension,dissolution,jnterdiction,suppréssion,revalorisation,suffrage
210,52,210_létal_mourir_palliatif_actif,létal,mourir,palliatif,actif,euthanasie,suicide,patient,assister,agréer,respectueux
211,52,211_arrondissement_ligré_chinon_ligre,arrondissement,ligré,chinon,ligre,hauterive,département,crécy,loire,departement,canton
212,52,212_administration_identifier_transparent_différenciation,administration,identifier,transparent,différenciation,fragiliser,adaptation,compétence,éloigné,interroger,émerger
213,51,213_ore_chauffer_litre_fossile,ore,chauffer,litre,fossile,consommer,prématurer,facture,énergétique,covoiturage,ménage
214,50,214_maires_rurau_amrf_fax_avenue,maires_rurau,amrf,fax,avenue,roch,www,rural,association,décote,79
215,50,215_constructif_anonyme_adresser_cautionner,constructif,anonyme,adresser,cautionner,maule,rédiger,docs,idée,edit,contenu
216,50,216_patron_entrepreneur_collectif_sarl,patron,entrepreneur,collectif,sarl,gérant,développeur,chauffagiste,vitrier,risque,paysagiste
217,49,217_bruz_entrée_tarauder_encarter,bruz,entrée,tarauder,encarter,accueil,contact,envoyé,négliger,vendredi,général
218,49,218_hébergement_liaison_outrent_ligne,hébergement,liaison,outrent,ligne,vélo,théâtre,pont,terminus,tret,5212
219,49,219_chauffage_comportement_inciter_environnement,chauffage,comportement,inciter,environnement,changer,mode,protéger,oui,supportable,renoncer
220,49,220_ferroutage_transport_tri_sauvage,ferroutage,transport,tri,sauvage,ilfaut,camion,a9,commun,agricole,étanchéité
221,48,221_monsieur_fiscal_seudre_évasion,monsieur,fiscal,seudre,évasion,capital,mettez,taxation,impôt,impatience,fiscalité
222,48,222_destin_xad_réussir_surmonter,destin,xad,réussir,surmonter,insatisfaire,interrogation,nation,fraternel,financent,prospère
223,48,223_pib_élevé_sectoriel_dépense,pib,élevé,sectoriel,dépense,prestation,comparable,maladie,redistribution,assurance,financer
224,48,224_supposer_définition_signification_peuple,supposer,définition,signification,peuple,revendiquer,démocratie,univoque,légitimer,souveraineté,connotation
225,48,225_thème_sablet_référant_theme,thème,sablet,référant,theme,degré,citoyenneté,fevrier,organisation,rubrique,approfondir
226,48,226_modalité_intégration_efficace_hui,modalité,intégration,efficace,hui,aujourd,langue,citoyenneté,apprendre,société,exprimer
227,48,227_wanadoo_fr_orange_mairie,wanadoo,fr,orange,mairie,de,la,com,info82,st,contact
228,48,228_texte_phrase_ilisibl_couper,texte,phrase,ilisibl,couper,illlisbil,totalement,illisib,illisibe,lisible,haie
229,48,229_image_contribution_imagee_gave,image,contribution,imagee,gave,rive,fev,page,tableau,joindre,réflexion
230,47,230_prive_utilement_contracter_oeuvrer,prive,utilement,contracter,oeuvrer,critiquer,recul,améliorer,livrer,stratégie,corriger
231,47,231_cmu_confondre_cumul_réélire,cmu,confondre,cumul,réélire,surnombre,effectif,consulat,réduction,désendettement,attestation
232,47,232_monsieur_euro_mois_fils,monsieur,euro,mois,fils,toucher,retraite,arrondi,licitation,aller,fille
233,46,233_mourir_légalisation_actif_intégrer,mourir,légalisation,actif,intégrer,euthanasie,palliatif,létal,respectueux,ouvrir,appartenir
234,46,234_verbalement_cristalliser_tangible_aggravation,verbalement,cristalliser,tangible,aggravation,attiser,surdité,synthétiser,concitoyen,analphabétisme,contredire
235,46,235_cliniquement_préventive_anti_curatif,cliniquement,préventive,anti,curatif,déséquilibré,thérapie,restructurer,indépendance,terroir,globalité
236,46,236_transparent_administration_identifier_différenciation,transparent,administration,identifier,différenciation,fragiliser,compétence,adaptation,émerger,évènement,éloigné
237,46,237_retourner_déposer_âne_document,retourner,déposer,âne,document,boulevard,mission,systématiquement,hôtel,avenue,plac
238,45,238_colère_informé_téléphone_idée,colère,informé,téléphone,idée,vo,mobile,retourner,grlgny91,fixe,réchauffement
239,45,239_cofinancer_compétitif_réponse_concurrent,cofinancer,compétitif,réponse,concurrent,écologique,dégrader,transition,climat,biodiversité,environnement
240,45,240_légalisation_euthanasie_mourir_ifop,légalisation,euthanasie,mourir,ifop,létal,actif,décéder,sondage,intégrer,réanimation
241,45,241_sdi_acheminer_collégien_million,sdi,acheminer,collégien,million,inspection,lycéen,incendie,apprenti,diagnostic,secours
242,45,242_modalité_intégration_efficace_citoyenneté,modalité,intégration,efficace,citoyenneté,exprimer,point,hui,démocratie,aujourd,réponse
243,45,243_domaîne_populiste_naître_âgé,domaîne,populiste,naître,âgé,logement,dépendant,aube,famille,anah,technologie
244,44,244_électronique_contenu_méthodologique_0800,électronique,contenu,méthodologique,0800,244,familier,pluralisme,recueillir,kit,concitoyen
245,44,245_asile_tradition_laïcité_2nd,asile,tradition,laïcité,2nd,institution,perceptible,million,figurer,citoyenneté,principe
246,44,246_certifier_préfet_porter_attestation,certifier,préfet,porter,attestation,numéro,43,expression,délégation,lancer,remise
247,44,247_sarl_gérant_dividende_majoritaire,sarl,gérant,dividende,majoritaire,risque,littéralement,cotisation,insoutenable,cahuzac,investissant
248,44,248_transaction_effaçon_financier_financement,transaction,effaçon,financier,financement,axer,taxéet,taxaer,défrest,suffisset,tobbing
249,44,249_grignoise_grignoi_grigny91_atelier,grignoise,grignoi,grigny91,atelier,synthèse,www,redistribution,revendication,concertation,remonter
250,44,250_humble_ministre_ancien_diminuer,humble,ministre,ancien,diminuer,requête,sénateur,président,avantage,reduire,apercevoir
251,44,251_alternatif_chauffage_environnement_vou,alternatif,chauffage,environnement,vou,oui,convaincre,comportement,solution,faveur,destinataire
252,43,252_asile_délivrer_progresser_séjour,asile,délivrer,progresser,séjour,intégration,16e,migratoire,persécuter,incivique,décroître
253,43,253_vaccin_vaccination_vacciner_vaccinal,vaccin,vaccination,vacciner,vaccinal,aluminium,immunitaire,maladie,vacciné,tétanos,polio
254,43,254_réponse_dépense_domaine_prioritaire,réponse,dépense,domaine,prioritaire,baisser,06,priorité,territorial,05,protection
255,43,255_démission_macron_demission_démissionner,démission,macron,demission,démissionner,macro,perut,demissionn,zero,final,45
256,43,256_vieux_concret_chaudière_améliorer,vieux,concret,chaudière,améliorer,supportable,défi,solution,concevoir,chauffer,scientifiquement
257,43,257_patron_sarl_entrepreneur_gérant,patron,sarl,entrepreneur,gérant,dividende,risque,majoritaire,vitrier,peintre,courroie
258,43,258_ric_matière_matiere_reboll,ric,matière,matiere,reboll,tournigand,mati7re,cruseille,illimiter,exige,bisou
259,42,259_volaille_conditionnement_avicole_vaccin,volaille,conditionnement,avicole,vaccin,éleveur,millier,aviculture,élevage,amateur,race
260,42,260_facultatif_cocher_thème_choisi,facultatif,cocher,thème,choisi,date,contribution,prénom,adresse,nom,prenom
261,42,261_passionnément_trithoise_trithoi_coeur,passionnément,trithoise,trithoi,coeur,hexagone,décliner,coin,regretter,revendication,espérance
262,42,262_illisible___,illisible,,,,,,,,,
263,42,263_ix_²x_dollar_mage,ix,²x,dollar,mage,,,,,,
264,42,264_pib_élevé_dépense_financ,pib,élevé,dépense,financ,recourir,marquer,financer,prélèvement,diagnostic,collecter
265,42,265_doélance_cahuzac_littéralement_poumon,doélance,cahuzac,littéralement,poumon,notr,étouffer,aberration,sarl,soumettre,gérant
266,42,266_légalisation_euthanasie_mourir_ifop,légalisation,euthanasie,mourir,ifop,létal,actif,sondage,décéder,réanimation,contraception
267,42,267_ville_centre_recu_naval,ville,centre,recu,naval,bétonner,bétigneu,débill,duplexe,tociol,chevalin
268,42,268_tva_prix_produit_ehpad,tva,prix,produit,ehpad,alimentaire,pourcent,luxe,reverser,pla,gaz
269,41,269_pertinent_problématique_thème_facultatif,pertinent,problématique,thème,facultatif,débattre,coordonnée,majeur,préciser,envisager,essentiel
270,41,270_cmu_confondre_ata_cumul,cmu,confondre,ata,cumul,surnombre,exiger,pillage,réélire,monarchie,effectif
271,41,271_probablement_solaire_détail_cop24,probablement,solaire,détail,cop24,agneau,moulin,mondialisation,bilan,paradigme,atomique
272,41,272_expressif_revendicatif_illustrer_désir,expressif,revendicatif,illustrer,désir,échanger,plateforme,communiquer,contenu,envie,contexte
273,41,273_voisin_pareil_truelle_militari,voisin,pareil,truelle,militari,charpentier,squatter,potièr,cauchemar,refaire,fils
274,41,274_couverture_remédiation_difficulté_insatisfaisant,couverture,remédiation,difficulté,insatisfaisant,instamment,réservation,visiteur,abonné,impossibiliter,prestataire
275,41,275_préventive_cliniquement_anti_curatif,préventive,cliniquement,anti,curatif,déséquilibré,thérapie,indépendance,restructurer,terroir,globalité
276,41,276_sdi_acheminer_collégien_inspection,sdi,acheminer,collégien,inspection,lycéen,million,incendie,apprenti,diagnostic,secours
277,40,277_milliard_fortun_dollar_md,milliard,fortun,dollar,md,euro,milliardaire,fortune,comptespublics,dette,pourcent
278,40,278_déclenchement_applicable_consulter_initiative,déclenchement,applicable,consulter,initiative,oui,jouer,transformer,associer,parlement,sort
279,40,279_littéralement_cahuzac_poumon_étouffer,littéralement,cahuzac,poumon,étouffer,notr,soumettre,aberration,sarl,gérant,équipe
280,40,280_représenta_xad_tion_vation,représenta,xad,tion,vation,préser,douloureuser,biodiversité,impérieux,conteste,transition
281,40,281_administration_sdi_transparent_acheminer,administration,sdi,transparent,acheminer,collégien,agent,identifier,million,inspection,service
282,40,282_bus_ticket_train_transport,bus,ticket,train,transport,métro,2h,fontainebleau,roseau,marquis,valable
283,40,283_satisfaction_tableau_mentionner_évènement,satisfaction,tableau,mentionner,évènement,ci,dessous,indiquer,difficulté,élément,rencontrer
284,40,284_fiche_conférence_parisien_décliner,fiche,conférence,parisien,décliner,consensus,rencontrer,organisateur,arrondissement,dysfonctionnement,indique
285,40,285_vétérinaire_probite_sanitaire_rassurer,vétérinaire,probite,sanitaire,rassurer,organique,vertu,confrère,consoeur,délai,contentieux
286,39,286_synthèse_parole_anonyme_précis,synthèse,parole,anonyme,précis,intéresser,douche,déposer,suggestion,remonter,solliciter
287,39,287_malaise_lumière_initier_espoir,malaise,lumière,initier,espoir,existence,profond,novembre,largement,sein,message
288,39,288_laïcité_réciproque_intangible_religion,laïcité,réciproque,intangible,religion,renforcer,compréhension,engagement,application,garantir,valeur
289,39,289_cognac_facultatif_page_grandechampagne,cognac,facultatif,page,grandechampagne,reponse,poster,sgautier,inbox,nsf,accusé
290,39,290_st_savin_germain_antigny,st,savin,germain,antigny,69110,minault,poitier,pigeaud,mulatière,doleance
291,39,291_migratoire_immigration_définir_critère,migratoire,immigration,définir,critère,durer,asile,contrepartie,défi,intégration,remplir
292,39,292_assainissement_autosurveillance_ouvrage_débitmètre,assainissement,autosurveillance,ouvrage,débitmètre,préleveur,gast,bullage,description,station,prescription
293,39,293_pension_deçà_ajustement_majoration,pension,deçà,ajustement,majoration,variable,retraité,perte,maintien,rattrapage,revendiquer
294,38,294_février_néant_peyzieux_rapin,février,néant,peyzieux,rapin,cahin,dunkerqu,mme,garcia,orgon,diamant
295,38,295_métropole_saône_lyonnais_sur,métropole,saône,lyonnais,sur,réconciliation,dor,délibératif,maire,dvr,initier
296,38,296_exporte_bonus_picenciement_turenne,exporte,bonus,picenciement,turenne,charge,tipp,exportation,embaucher,import,malus
297,38,297_incivilité_civique_collective_comportement,incivilité,civique,collective,comportement,engagement,pénible,quotidien,promouvoir,parcours,valoriser
298,38,298_tradition_laïcité_figurer_principe,tradition,laïcité,figurer,principe,associatif,juridique,vivace,repli,tentation,liberté
299,38,299_questionnaire_incompréhensible_grand_,questionnaire,incompréhensible,grand,,,,,,,
300,38,300_amif_asso_secretariat_envoyez,amif,asso,secretariat,envoyez,attention,traiter,association,fr,ordre,envoyer
301,37,301_ric_augmentation_smic_vitto,ric,augmentation,smic,vitto,khalfour,achat,pester,isf,csg,enlever
302,37,302_phase_ème_qualificatif_pétition,phase,ème,qualificatif,pétition,conjonction,anecdotique,adjectif,transposition,rig,ponctuellement
303,37,303_submission_displays_vaureal_general,submission,displays,vaureal,general,data,information,soumission,demande,admin,page
304,37,304_laïcité_loyauté_persécution_déterminant,laïcité,loyauté,persécution,déterminant,bousculer,synonyme,nation,refuge,défaillance,philosophique
305,37,305_culture_promulgation_inclusion_mobilité,culture,promulgation,inclusion,mobilité,embauche,quorum,essai,succession,réévaluation,quotient
306,37,306_évoluer_démocratie_pratique_efficace,évoluer,démocratie,pratique,efficace,citoyenneté,etat,organisation,collectivité,démarche,public
307,37,307_inflation_indexation_évasion_daculsi,inflation,indexation,évasion,daculsi,fougengation,madry,fiscal,rétablissement,damp,injustifié
308,37,308_écosystème_hydrolienne_melunai_troubler,écosystème,hydrolienne,melunai,troubler,x92élu,réconcilier,x92est,x92état,géothermie,thème
309,37,309_tva_produit_nécessité_gaz,tva,produit,nécessité,gaz,gsoil,grableic,andrée,cévaluatier,conduité,baisse
310,37,310_janvier_mercredi_tableau_austole,janvier,mercredi,tableau,austole,dupont21,rue,reunion,joan,alb,try
311,37,311_déclenchement_applicable_initiative_jouer,déclenchement,applicable,initiative,jouer,consulter,oui,associer,transformer,sort,faciliter
312,37,312_pension_indexer_revalorisation_inflation,pension,indexer,revalorisation,inflation,indexation,revesion,fiché,3ièm,reversion,retraite
313,37,313_maillon_modération_collectivement_expression,maillon,modération,collectivement,expression,quotidiennement,structurer,messagerie,ressenti,disponibilité,pacifique
314,36,314_nucléaire_antidémocratie_coloniau_phagocytage,nucléaire,antidémocratie,coloniau,phagocytage,cigeo,scabreux,liquidateur,méandre,corps,radioactivité
315,36,315_redistribution_déficit_prestation_allocation,redistribution,déficit,prestation,allocation,adulte,dépense,dire,repose,grandeur,maladie
316,36,316_piver_expédier_formulaire_libre,piver,expédier,formulaire,libre,contribution,thématique,lisible,urne,apparaître,recueillir
317,36,317_intangible_réciproque_religion_durer,intangible,réciproque,religion,durer,défi,compréhension,intégration,asile,laïcité,fixer
318,36,318_donnée_montivillier_recueil_fiche,donnée,montivillier,recueil,fiche,exposé,cadre,achever,cocher,organisateur,informe
319,36,319_gard_retard_bnri_calendrier,gard,retard,bnri,calendrier,réclamation,triage,soyon,équipe,hiérarchiser,vigilance
320,36,320_évoluer_renoncer_complexe_positif,évoluer,renoncer,complexe,positif,vou,évolution,démarche,cours,raison,manière
321,36,321_x92aide_compétitivité_x92hui_prestation,x92aide,compétitivité,x92hui,prestation,concurrente,élevé,maladie,assurance,cotisation,comparable
322,36,322_mauricette_assistant_directeur_formation,mauricette,assistant,directeur,formation,sénior,maternel,personnel,pasino,compétence,contrat
323,35,323_partager_questionnaire_contribuer_thème,partager,questionnaire,contribuer,thème,accéder,bénéfique,tabac,fiscalité,solution,alcool
324,35,324_fallavier_quentin_compléter_repondre,fallavier,quentin,compléter,repondre,pas,formulaire,st,renseigner,ne,secrétariat
325,35,325_charte_participant_diffuser_animateur,charte,participant,diffuser,animateur,rapporteur,promotionnelle,offensant,organisateur,pornographique,apologie
326,35,326_comparable_pib_encourager_stimuler,comparable,pib,encourager,stimuler,instrument,vulnérable,prioritairement,horizon,baisser,engagement
327,35,327_viroflay_lanlay_repondre_pas,viroflay,lanlay,repondre,pas,granddebat,ne,recueillir,constat,envoyé,formulaire
328,35,328_châteaurenard_pétitionnaire_fiche_concertation,châteaurenard,pétitionnaire,fiche,concertation,comporter,décentraliser,13160,courriel,observation,identifier
329,35,329_degage_continuez_macron_cœur,degage,continuez,macron,cœur,degeler,dégager,macro,rassembler,destitution,fête
330,35,330_migrant_immigration_boursorama_posokhow,migrant,immigration,boursorama,posokhow,nationalité,djihadiste,français,expulsion,autorité,rémunère
331,35,331_zero_nivillac_reflexion_centime,zero,nivillac,reflexion,centime,kerrou,rêvera,nucleaire,energie,syndicat,treuzy
332,35,332_littéralement_dividende_poumon_confiscatoire,littéralement,dividende,poumon,confiscatoire,cahuzac,notr,étouffer,soumettre,aberration,sarl
333,35,333_destin_surmonter_interrogation_réussir,destin,surmonter,interrogation,réussir,fraternel,indépendamment,financent,insatisfaire,entraide,croyance
334,35,334_liste_gilet_ralliement_décortiquer,liste,gilet,ralliement,décortiquer,équivoque,fervent,prétendant,abject,acronyme,acolyte
335,34,335_éplucher_fédération_comité_commission,éplucher,fédération,comité,commission,enfler,fonctionnaire,vérifier,actionnaire,aot,07100
336,34,336_cahier_thelle_débat_national,cahier,thelle,débat,national,33333,larringe,estézargues,douzains,fortschwihr,venasqu
337,34,337_thématique_facultatif_collecte_solution,thématique,facultatif,collecte,solution,tableau,exprimer,habitant,date,nom,doléance
338,34,338_réclamation_récépisser_traînou_coordonné,réclamation,récépisser,traînou,coordonné,rédacteur,attester,trainou,cocher,formulaire,dat
339,34,339_cahier_pisany_moléan_gaphique,cahier,pisany,moléan,gaphique,familiere,serrere,colleret,cessy,froncle,citoyen
340,34,340_exaspération_balancetonmair_absence_ressentir,exaspération,balancetonmair,absence,ressentir,cit,mcdo,relatif,discours,dénonciation,motion
341,34,341_smig_favorisse_pecotriau_vandesip,smig,favorisse,pecotriau,vandesip,mancher,espetti,bolton,cyto,susception,richerme
342,34,342_dette_th_banque_emprunter,dette,th,banque,emprunter,crème,locataire,1200972278,cête,intérêt,baisser
343,34,343_trop_pouvoitr_arnal_relame,trop,pouvoitr,arnal,relame,artisent,souhaitera,illsiibl,joua,fev,permettrai
344,33,344_identifiant_pétition_volet_mail,identifiant,pétition,volet,mail,inscription,catégorisation,personnalisation,préétablir,envoi,site
345,33,345_arrondissement_langres_departement_rebliqu,arrondissement,langres,departement,rebliqu,thézier,theziers,04,fax,facultatif,tél
346,33,346_sarl_gérant_dividende_majoritaire,sarl,gérant,dividende,majoritaire,risque,cahuzac,sas,poumon,insoutenable,littéralement
347,33,347_jon_pseudo_avatar_lionn,jon,pseudo,avatar,lionn,auteur,de,dupliquer,intituler,lettre,obligatoirement
348,33,348_baisse_tva_motard_patronal,baisse,tva,motard,patronal,éléctiricité,tiphaine,dégage,embaucheraient,nécessit,baisser
349,33,349_destinataire_dépense_prêt_domaine,destinataire,dépense,prêt,domaine,publique,vou,bénéfique,tabac,alcool,fiscalité
350,33,350_article_fondamental_décembre_charte,article,fondamental,décembre,charte,constitution,convention,déclaration,pacte,relatif,août
351,33,351_59_dépense_réponse_30,59,dépense,réponse,30,23,minute,08,rapide,réduire,fiscalité
352,33,352_poissy_nosideespourlafrance_cmelchior_77,poissy,nosideespourlafrance,cmelchior,77,07,transférer,78300,melchior,plac,poissv
353,33,353_bnri_retard_calendrier_réclamation,bnri,retard,calendrier,réclamation,triage,hiérarchiser,apolitique,équipe,vigilance,evolution
354,33,354_hélaine_770_soumettre_45,hélaine,770,soumettre,45,utilisateur,formulaire,anonyme,5713,saran,consentement
355,33,355_rubelle_louvier_27400_travers,rubelle,louvier,27400,travers,refuson,restitution,mobilisation,borne,haute,trimestre
356,33,356_erreur_oui_foi_affirmer,erreur,oui,foi,affirmer,complexe,identifier,juger,défi,autonomie,administration
357,33,357_erreur_oui_foi_affirmer,erreur,oui,foi,affirmer,identifier,complexe,vou,autonomie,défi,juger
358,33,358_suppression_autosuffisance_inflation_niche,suppression,autosuffisance,inflation,niche,réindexation,rétablissement,comptabilisation,indexation,casier,pétrole
359,33,359_déficit_évasion_taxation_gafa,déficit,évasion,taxation,gafa,dénoncer,caricaturer,intouchable,lutte,sénateur,dissolution
360,33,360_communau_laïcité_corres_persécution,communau,laïcité,corres,persécution,bousculer,déterminant,loyauté,refuge,défaillance,xad
361,33,361_débat_national_grand_debat,débat,national,grand,debat,tableau,participant,registre,concertation,formulaire,contribuer
362,32,362_satisfaction_tableau_mentionner_évènement,satisfaction,tableau,mentionner,évènement,ci,dessous,indiquer,difficulté,élément,rencontrer
363,32,363_défavorisé_assécher_irriguer_laine,défavorisé,assécher,irriguer,laine,déblocage,senser,graphique,institut,priori,audit
364,32,364_traiter_ordre_priorité_problème,traiter,ordre,priorité,problème,souhaiter,sou,proposer,dévitaliser,traité,preneur
365,32,365_pib_élevé_dépense_sectoriel,pib,élevé,dépense,sectoriel,financ,prestation,recourir,financer,redistribution,signifier
366,32,366_etival_utf_charset_text,etival,utf,charset,text,mime,plain,nbsp,version,corp,font
367,32,367_soutien_rencontre_patron_convocation,soutien,rencontre,patron,convocation,exprès,attacher,extraordinaire,écho,presse,unanimité
368,32,368_mourir_euthanasie_légalisation_ifop,mourir,euthanasie,légalisation,ifop,létal,actif,sondage,décéder,réanimation,intégrer
369,32,369_asile_délivrer_progresser_séjour,asile,délivrer,progresser,séjour,intégration,migratoire,incivique,16e,subsaharien,décroître
370,32,370_ore_chauffer_litre_consommer,ore,chauffer,litre,consommer,fossile,facture,prématurer,covoiturage,ménage,énergétique
371,32,371_justice_fiscal_social_paradis,justice,fiscal,social,paradis,redynamisation,écoute,mat,chass,assimilation,svp
372,32,372_température_chaude_emballement_tragique,température,chaude,emballement,tragique,alarmant,juridiquement,climat,irréversible,signataire,chaud
373,32,373_sein_939_707_établissement,sein,939,707,établissement,cartographie,011,1167,médico,baromètre,file
374,32,374_organisation_exprimer_point_service,organisation,exprimer,point,service,sandwichée,miensset,souhaiter,immatriculation,visa,papier
375,32,375_expressif_concis_registr_rapidité,expressif,concis,registr,rapidité,revendicatif,gué,soin,déconcentrer,équité,relation
376,31,376_gaz_électricité_nécessité_tva,gaz,électricité,nécessité,tva,lurisse,produit,baisse,soda,eau,smilk
377,31,377_température_chaude_emballement_climat,température,chaude,emballement,climat,tragique,serre,juridiquement,alarmant,irréversible,signataire
378,31,378_2nd_perceptible_institution_défiance,2nd,perceptible,institution,défiance,tour,stabilité,million,urne,signe,successif
379,31,379_milliardaire_subventionner_fidt_peuple,milliardaire,subventionner,fidt,peuple,gendre,fiançai,incorruptibilité,dté,preoccupation,reporterre
380,31,380_librement_boîte_questionnaire_retourner,librement,boîte,questionnaire,retourner,foyer,anonyme,bulletin,auprès,attente,consultation
381,31,381_amrf_fédérer_association_arobert,amrf,fédérer,association,arobert,cedricszabo,petitesville,rural,promouvoir,apvf,cedric
382,31,382_écologique_cofinancer_transition_compétitif,écologique,cofinancer,transition,compétitif,réponse,concurrent,climat,dégrader,environnement,commercial
383,31,383_inviter_communiquer_débattre_coordonnée,inviter,communiquer,débattre,coordonnée,débat,mener,courriel,essentiel,thème,avis
384,31,384_bnri_retard_calendrier_réclamation,bnri,retard,calendrier,réclamation,triage,vigilance,hiérarchiser,équipe,fur,gravité
385,31,385_immigration_macroniste_immigré_migrant,immigration,macroniste,immigré,migrant,renvoyer,pays,origine,musulman,rejeter,usage
386,31,386_isoler_écoprêt_ptz_identifier,isoler,écoprêt,ptz,identifier,zéro,des,isolation,carburants,solidaire,éco
387,31,387_constituant_mandataire_assemblée_populaire,constituant,mandataire,assemblée,populaire,représenter,souveraineté,déni,autocrat,élection,rassembleus
388,31,388_islam_archive_récolement_musulman,islam,archive,récolement,musulman,saisine,burkini,cada,animal,ar,hésiter
389,31,389_victime_relaxe_appel_peine,victime,relaxe,appel,peine,acquittement,pénal,détenu,conditionnel,libération,tribunal
390,30,390_capsule_projectile_vidéo_manif,capsule,projectile,vidéo,manif,hommage,force,manifestant,foule,témoignage,saign
391,30,391_numéro_1978_relatif_formulaire,numéro,1978,relatif,formulaire,rectification,coordonnée,proposition,conformément,demande,fichier
392,30,392_ici_debraber_prénom_alphonse,ici,debraber,prénom,alphonse,nom,arlette,mieux,eal,joseph,amand
393,30,393_réduire_nombre_niveler_survisibl,réduire,nombre,niveler,survisibl,corpspprimer,angué,piné,commisse,urticant,liais
394,30,394_prêt_publique_domaine_déconcentration,prêt,publique,domaine,déconcentration,plaider,bénéfique,réponse,tabac,alcool,centralisation
395,30,395_approfondi_arrondissement_dysfonctionnement_indique,approfondi,arrondissement,dysfonctionnement,indique,coordonnée,analyse,laisse,postal,autour,informer
396,30,396_pacifique_pouilly_échanger_rassembleur,pacifique,pouilly,échanger,rassembleur,13h,arborer,10h,pouillyena,18h,20h
397,30,397_patron_éléctriciens_entrepreneur_sarl,patron,éléctriciens,entrepreneur,sarl,dividende,risque,gérant,courroie,développeur,chauffagiste
398,30,398_environnemental_composition_jouer_civil,environnemental,composition,jouer,civil,transformer,tirer,sort,représenter,rôle,assemblée
399,30,399_bistrot_wgrer_communalisé_pomper,bistrot,wgrer,communalisé,pomper,travailler,trop,climatologie,gsg,demandon,ministr
400,29,400_suppression_augmentation_inflation_csg,suppression,augmentation,inflation,csg,rétablissement,réévaluation,pension,indexer,retraite,isf
401,29,401_rectorat_réponse_réintégration_employeur,rectorat,réponse,réintégration,employeur,karaté,diplôme,diplômé,horaire,champion,bénévolement
402,29,402_accord_12_embosser_danille,accord,12,embosser,danille,mictuell,bexider,cloiver,outinijicht,marakech,bach
403,29,403_patron_dividende_entrepreneur_risque,patron,dividende,entrepreneur,risque,sarl,gérant,développeur,paysagiste,majoritaire,peintre
404,29,404_comparable_pib_encourager_instrument,comparable,pib,encourager,instrument,stimuler,prioritairement,vulnérable,baisser,consensus,horizon
405,29,405_bonjour_villerèghre_contraiterat_compiègre,bonjour,villerèghre,contraiterat,compiègre,crotte,avance,starter,courgae,passerelle,mentation
406,29,406_contravention_abbesse_téléphonie_lon,contravention,abbesse,téléphonie,lon,bailleur,marjorie,opérateur,internet,débit,rénovation
407,29,407_document_transmettre_préfet_parlementaire,document,transmettre,préfet,parlementaire,proposition,cahier,doléance,boinière,constructif,scriptum
408,29,408_pvr_tle_900_magstatt,pvr,tle,900,magstatt,agacé,respectuosité,desabué,ecoeuré,egoiste,dégoûté
409,29,409_traiter_attention_ordre_priorité,traiter,attention,ordre,priorité,saric,date,bagneau,problème,augmentation,habitant
410,29,410_implication_concitoyen_ric_participant,implication,concitoyen,ric,participant,07,espèce,dignement,primaire,instauration,2019
411,29,411_visiophone_handicap_sm_entente,visiophone,handicap,sm,entente,sourd,information,102,titrage,unapei,entendante
412,29,412_hégémonie_municipal_candidat_mandat,hégémonie,municipal,candidat,mandat,représentation,démocratie,élection,consultatif,conseil,moriat
413,29,413_fortin_illustre_exaction_condamnable,fortin,illustre,exaction,condamnable,malaise,monsieur,grave,commettre,profond,consultation
414,29,414_illimité_radar_tronçon_pourrir,illimité,radar,tronçon,pourrir,putain,vigile,big,boulot,camoufler,accident
415,29,415_rapidité_relation_divorce_disponibilité,rapidité,relation,divorce,disponibilité,magistrat,procès,équité,écoute,dossier,résidence
416,29,416_monsieur_équestre_club_contexte,monsieur,équestre,club,contexte,xad,adresser,prier,canton,accumulation,poney
417,29,417_prison_boxeur_justice_condamner,prison,boxeur,justice,condamner,délinquant,prisonnier,police,policier,biberonner,peine
418,28,418_cautionner_rédiger_recueillir_débattre,cautionner,rédiger,recueillir,débattre,contenu,indiquer,doléance,essentiel,parole,engager
419,28,419_webform_soumission_soumettre_module,webform,soumission,soumettre,module,9709,ici,utilisateur,sgdb91,avancer,anonyme
420,28,420_patron_collectif_entrepreneur_développeur,patron,collectif,entrepreneur,développeur,chauffagiste,vitrier,paysagiste,peintre,courroie,messagerie
421,28,421_enculer_courat_guenj_gronaricer,enculer,courat,guenj,gronaricer,egn,ploezal,bâtard,versu,macron,bouffon
422,28,422_destin_insatisfaire_surmonter_réussir,destin,insatisfaire,surmonter,réussir,incertitude,fraternel,financent,prospère,indépendamment,entraide
423,28,423_code_postal_cod_cahier,code,postal,cod,cahier,ville,débat,25063,étalan,25170,85340
424,28,424_légalisation_mourir_euthanasie_ifop,légalisation,mourir,euthanasie,ifop,létal,actif,décéder,sondage,intégrer,réanimation
425,28,425_échelon_démarche_territorial_administratif,échelon,démarche,territorial,administratif,organisation,vou,erreur,évoluer,collectivité,oui
426,28,426_modalité_intégration_efficace_hui,modalité,intégration,efficace,hui,aujourd,société,place,mettre,suffisement,couton
427,28,427_alternatif_covoiturage_vélo_déplacement,alternatif,covoiturage,vélo,déplacement,mobilité,auto,essence,recourir,solution,utiliser
428,28,428_jaire_judéal_olfachive_oestrus,jaire,judéal,olfachive,oestrus,photosensibilisation,obsselètte,grelan,raimond,tompidou,nivier
429,28,429_xad_tion_cotisa_indé,xad,tion,cotisa,indé,transmis,loppeur,communica,déve,layer,sion
430,28,430_journaliste_indépendance_presse_média,journaliste,indépendance,presse,média,expression,liberté,rôle,télévision,entraînât,russe
431,28,431_salle_anion_sport_ag,salle,anion,sport,ag,jeunessen,gubard,bonnerat,tuzzoline,18h,fontenaysien
432,28,432_succession_descendant_parent_marielle,succession,descendant,parent,marielle,droit,neveu,innoubli,laurenceolivierlabat,pourauier,valsonne
433,28,433_taxation_rubrique_degré_avoir,taxation,rubrique,degré,avoir,blanc,moi,mandat,territorialité,an,constituant
434,28,434_élitisme_attrayant_efficacement_extrémisme,élitisme,attrayant,efficacement,extrémisme,indépendant,diktat,réintégration,radicalisation,femm,asservir
435,28,435_réconcilier_couvrir_postal_enjeu,réconcilier,couvrir,postal,enjeu,largement,prénom,thème,code,nation,adresse
436,27,436_organisation_exprimer_point_souhaiter,organisation,exprimer,point,souhaiter,débat,téphi,état,national,service,grand
437,27,437_grès_alpille_debatnational_contribution,grès,alpille,debatnational,contribution,étienne,luxeuil,mars,thème,bains,mid
438,27,438_immuable_organique_texte_principe,immuable,organique,texte,principe,cohabiter,endosser,fondamental,constitution,disperser,ranger
439,27,439_discrimination_incivilité_tolérant_témoin,discrimination,incivilité,tolérant,témoin,répandre,reculer,solidaire,construire,victime,lutter
440,27,440_message_nâ_encadrement_belles,message,nâ,encadrement,belles,gmail,com,2019,33000,postal,soumission
441,27,441_glisser_venue_plier_préférence,glisser,venue,plier,préférence,volet,destination,initier,dédier,compléter,senli
442,27,442_légalisation_mourir_euthanasie_ifop,légalisation,mourir,euthanasie,ifop,létal,actif,sondage,décéder,contraception,réanimation
443,27,443_abrogation_châteal_mard_surfacturation,abrogation,châteal,mard,surfacturation,accouchant,télécommunications,redonner,garantir,primauté,inapproprié
444,27,444_ric_regi_vit_favorable,ric,regi,vit,favorable,application,priorité,point,charge,,
445,27,445_fich_thèm_exposition_mars,fich,thèm,exposition,mars,réunion,emphylluotique,manifestant,royal,déposer,royale
446,27,446_17076_3170_boulevard_cedex,17076,3170,boulevard,cedex,document,transmettre,préfet,mairesl7,amfl7,association
447,27,447_moulin_vent_intégrable_rotor,moulin,vent,intégrable,rotor,facilement,gérable,pale,déclinaison,architecture,bâti
448,26,448_patron_entrepreneur_sarl_gérant,patron,entrepreneur,sarl,gérant,dividende,risque,éléctriciens,majoritaire,développeur,chauffagiste
449,26,449_attention_branche_image_cahier,attention,branche,image,cahier,doléance,episy,ecuelle,esquisse,avenir,public
450,26,450_limousine_détendre_eur_falcon,limousine,détendre,eur,falcon,ministre,logis,chancelier,généreusement,culminer,regagner
451,26,451_707_sein_939_011,707,sein,939,011,établissement,cartographie,médico,file,attente,administration
452,26,452_eaux_amand_les_saint,eaux,amand,les,saint,contact,tz,espérance,id,expéditeur,zimbra
453,26,453_média_revendication_prive_pognon,média,revendication,prive,pognon,infraction,immediate,prison,créneau,briser,moi
454,26,454_cantal_pétition_guichet_client,cantal,pétition,guichet,client,st,petition,gare,tableau,vente,consultation
455,26,455_discrimination_incivilité_tolérant_répandre,discrimination,incivilité,tolérant,répandre,témoin,reculer,réponse,solidaire,construire,victime
456,26,456_mourir_actif_légalisation_législation,mourir,actif,légalisation,législation,intégrer,palliatif,euthanasie,appartenir,respectueux,létal
457,26,457_faim_latin_étymologie_reglementation,faim,latin,étymologie,reglementation,mondialisation,famine,chautier,surbouker,américain,saisie
458,26,458_crèche_galopin_crêche_fils,crèche,galopin,crêche,fils,caleubé,génial,ferme,provençal,agréable,note
459,26,459_élitisme_efficacement_attrayant_indépendant,élitisme,efficacement,attrayant,indépendant,extrémisme,réintégration,diktat,radicalisation,femm,djihadiste
460,26,460_culture_inclusion_promulgation_quorum,culture,inclusion,promulgation,quorum,mobilité,succession,réévaluation,embauche,quotient,essai
461,26,461_noreply_indicateur_pdl_20citoyen,noreply,indicateur,pdl,20citoyen,cabma20,suivi,75020,informé,approfondi,dysfonctionnement
462,26,462_ultime_rubrique_témoignage_militant,ultime,rubrique,témoignage,militant,invite,légaliser,délégué,entendre,admo,lancer
463,26,463_langon_tableau_degré_33850,langon,tableau,degré,33850,leognan,inssee,préchac,noaillac,33430,lanson
464,26,464_duplicata_subir_monsieur_elu,duplicata,subir,monsieur,elu,villenne,académique,enfant,portugais,parjure,dossier
465,26,465_courage_bon_cœur_joo,courage,bon,cœur,joo,cavaille,persévérez,monton,c1,jaune,soutient
466,26,466_fraude_faux_numéro_million,fraude,faux,numéro,million,dnlf,frauduleux,carte,milliard,magistrat,sécurité
467,26,467_retourner_facultatif_systématiquement_htm,retourner,facultatif,systématiquement,htm,mission,document,message,mars,laurencot,information
468,25,468_pétition_traité_identifiant_opinion,pétition,traité,identifiant,opinion,article,tour,parti,souveraineté,constitution,éventail
469,25,469_traité_rem_article_achoppement,traité,rem,article,achoppement,absolu,divulguer,aperçu,item,déroulement,retravailler
470,25,470_préfet_porter_certifier_attestation,préfet,porter,certifier,attestation,numéro,43,délégation,expression,08,lancer
471,25,471_exiger_amenuiser_marginaliser_retraité,exiger,amenuiser,marginaliser,retraité,casa,rattrapage,revalorisation,contradictoire,prolonger,opérer
472,25,472_54380_30350_cahier_02590,54380,30350,cahier,02590,59123,22327,24110,12120,24274,29780
473,25,473_entrepreneur_sarl_patron_gérant,entrepreneur,sarl,patron,gérant,dividende,risque,majoritaire,développeur,vitrier,paysagiste
474,25,474_01_2019_19_23,01,2019,19,23,01819,04,17,02,valette,019
475,25,475_réduise_réduire_train_deficit,réduise,réduire,train,deficit,cloitre,staffer,6rue,380,député,777
476,25,476_pétition_traité_parlement_parti,pétition,traité,parlement,parti,article,constitution,définir,identifiant,quinquennal,majorité
477,25,477_incivilité_oui_falloir_rôle,incivilité,oui,falloir,rôle,souhaitable,recours,engagement,davantage,représenter,associer
478,25,478_graphique_graphe_anarchique_,graphique,graphe,anarchique,,,,,,,
479,25,479_mourir_euthanasie_légalisation_létal,mourir,euthanasie,légalisation,létal,ifop,actif,sondage,décéder,intégrer,contraception
480,25,480_page_écrire_fin_débat,page,écrire,fin,débat,sheet1,sheet,acéré,national,recueillement,grand
481,25,481_indemnitée_plus_nièce_neveu,indemnitée,plus,nièce,neveu,désamorce,exuberante,2chevau,inellisibiliter,arriv2,imfration
482,25,482_fontenay_présidence_inédit_mouvement,fontenay,présidence,inédit,mouvement,engendrer,bc,sous,dignité,document,transmettre
483,25,483_cahuzac_littéralement_dividende_poumon,cahuzac,littéralement,dividende,poumon,investissant,notr,confiscatoire,étouffer,faite,soumettre
484,25,484_emerainville_doleances_emetteur_coordonnee,emerainville,doleances,emetteur,coordonnee,message,cliquer,messagerie,fr,option,client
485,25,485_volaille_vaccin_pétition_aviculture,volaille,vaccin,pétition,aviculture,éleveur,élevage,sélectionneur,amateur,vétérinaire,amatrice
486,25,486_sauron_adoption_élite_mordor,sauron,adoption,élite,mordor,prémisse,entrouvert,obu,anneau,chape,franchissement
487,25,487_interco_sentiment_frustration_perte,interco,sentiment,frustration,perte,gilet,injustice,mouvement,sociétal,colère,replis
488,25,488_doléance_suite_illisbl_doleances,doléance,suite,illisbl,doleances,éligible,complètement,11,déposer,19,vraiment
489,25,489_dépense_préciser_domaine_réponse,dépense,préciser,domaine,réponse,reculer,territorial,attribution,prioritaire,défense,collectivité
490,24,490_armagnac_portefeuille_laurenti_mois,armagnac,portefeuille,laurenti,mois,travailler,sortir,euro,époux,politique,fric
491,24,491_aah_handicapé_handicap_esat,aah,handicapé,handicap,esat,handicaper,adulte,conjoint,mental,allocation,couple
492,24,492_page_cqfd_arnaqu_optimisation,page,cqfd,arnaqu,optimisation,fraude,contentieux,représentative,fondateur,participative,rôle
493,24,493_indiquez_thématique_problématique_prioritaire,indiquez,thématique,problématique,prioritaire,observation,priorité,indiquer,ordre,principal,remarque
494,24,494_vœu_festivité_commune_bénévole,vœu,festivité,commune,bénévole,correct,montant,annuaire,fixe,inégalitaire,habitation
495,24,495_suite_page__,suite,page,,,,,,,,
496,24,496_désigner_impartialité_garant_cohesion,désigner,impartialité,garant,cohesion,assurer,inédit,régularité,documentaire,respectivement,collège
497,24,497_préfectoral_compétitivité_prestation_concurrente,préfectoral,compétitivité,prestation,concurrente,élevé,maladie,plate,acquitter,combat,assurance
498,24,498_cahuzac_littéralement_dividende_poumon,cahuzac,littéralement,dividende,poumon,investissant,confiscatoire,étouffer,faite,notr,soumettre
499,24,499_rattrapage_pension_veuf_garantie,rattrapage,pension,veuf,garantie,gellout,veuve,indice,réversion,maintien,perte
500,24,500_abrogation_accouchant_mard_châteal,abrogation,accouchant,mard,châteal,surfacturation,télécommunications,garantir,protection,allopathie,redonner
501,24,501_plateforme_remarque_granddebat_vue,plateforme,remarque,granddebat,vue,attente,participatif,consultation,contribuer,cahierscitoyens,contribution
502,24,502_aérogénérateur_c02_enr_mix,aérogénérateur,c02,enr,mix,alarme,terrestre,éolien,éolienne,production,habitat
503,24,503_senlis_reduire_glisser_destination,senlis,reduire,glisser,destination,plier,venue,préférence,volet,la,initier
504,24,504_marrer_nb_mot_oxygéné,marrer,nb,mot,oxygéné,tranchant,coiffeus,créditeur,impler,équitablement,cdc
505,24,505_poissy_nosideespourlafrance_organisation_administratif,poissy,nosideespourlafrance,organisation,administratif,territorial,échelon,parcourir,opérateur,participez,transférer
506,24,506_befort_marne_marie_oh,befort,marne,marie,oh,cahierscitoyens,france,cola,imprimer,bonsoir,03
507,24,507_virus_ko_maires80_pdf,virus,ko,maires80,pdf,cahierscitoyens,org,imprimé,avast,granddebat,pièce
508,24,508_mière_prive_xad_encou,mière,prive,xad,encou,qué,rager,criti,trans,utilement,contracter
509,24,509_contentieux_traité_claquer_friction,contentieux,traité,claquer,friction,révoquer,observateur,impartial,per,méfiance,publiquement
510,24,510_température_chaude_emballement_climat,température,chaude,emballement,climat,tragique,alarmant,juridiquement,irréversible,serre,signataire
511,24,511_pétition_confidentialité_enregistrer_site,pétition,confidentialité,enregistrer,site,contrôlé,projets,pig,délibérant,cnil,opinion
512,24,512_lrar_monsieur_professeur_maçonnique,lrar,monsieur,professeur,maçonnique,solliciter,loge,récépisser,madame,courrier,élémentaire
513,24,513_traité_pétition_identifiant_article,traité,pétition,identifiant,article,constitution,parti,opinion,rôle,titre,page
514,24,514_susciter_le_sujet_haute,susciter,le,sujet,haute,retenir,citoyenneté,lu,thème,organisation,pose
515,23,515_décile_uc_graphique_ménage,décile,uc,graphique,ménage,correspondre,d8,aspersion,10ièm,prevue,arrosage
516,23,516_retraité_fortent_retraite_recherce,retraité,fortent,retraite,recherce,idexation,regulièrement,régine,coût,800e,poisse
517,23,517_darnetal_participez_formulaire_évoluer,darnetal,participez,formulaire,évoluer,fiscalite,urne,compétitif,efficace,ecologique,hôtel
518,23,518_dégel_indice_dégèle_dégeler,dégel,indice,dégèle,dégeler,géle,farmanel,calcyouée,sserer,fonctionnaire,avancement
519,23,519_traité_identifiant_résumer_présentation,traité,identifiant,résumer,présentation,accès,mail,validation,page,articl,identifiable
520,23,520_doélance_supression_cahuzac_littéralement,doélance,supression,cahuzac,littéralement,dividende,poumon,investissant,étouffer,faite,confiscatoire
521,23,521_équestre_équitation_club_sportif,équestre,équitation,club,sportif,cavalier,éducatif,poney,cheval,pratiquant,equitation
522,23,522_loyauté_laïcité_persécution_déterminant,loyauté,laïcité,persécution,déterminant,bousculer,nation,synonyme,refuge,défaillance,philosophique
523,23,523_communauté_commune_vallaure_basculer,communauté,commune,vallaure,basculer,département,demandez,région,préside,syndicat,glyphasate
524,23,524_constitution_article_parlement_définir,constitution,article,parlement,définir,traité,titre,pragmatique,quinquennal,rôle,iv
525,23,525_dissolution_destitution_démission_macron,dissolution,destitution,démission,macron,costitution,castener,assemblée,retraie,comparution,solliciter
526,23,526_incompréhensible_incompréhensif_écriture_,incompréhensible,incompréhensif,écriture,,,,,,,
527,23,527_vate_ginasservis_hemonasie_lann,vate,ginasservis,hemonasie,lann,lovi,ascète,gogeon,blatte,love,alla
528,23,528_caus_blesser_imigrant_loyer,caus,blesser,imigrant,loyer,mois,gôter,ronan,roman,régulier,espérance
529,23,529_ric_initiative_référendum_citoyenne,ric,initiative,référendum,citoyenne,instauration,mathiec,matière,grosso,mme,demission
530,23,530_modalité_intégration_citoyenneté_efficace,modalité,intégration,citoyenneté,efficace,exprimer,point,démocratie,hui,aujourd,souhaiter
531,23,531_républiqu_fraternité_préfet_porte,républiqu,fraternité,préfet,porte,numéro,présent,mars,expression,égalité,image
532,23,532_maternel_dollotien_assistant_verso,maternel,dollotien,assistant,verso,2015,samedi,photocopie,rectifier,suggestion,contrat
533,23,533_gilets_jaune_2x90_phréatique_décideur,gilets_jaune,2x90,phréatique,décideur,ccsa,nappe,anvar,prescription,réindustrialisation,raison
534,23,534_laïcité_réciproque_intangible_renforcer,laïcité,réciproque,intangible,renforcer,compréhension,religion,engagement,application,garantir,hui
535,23,535_noreply_20citoyen_cabma20_pdl,noreply,20citoyen,cabma20,pdl,75020,mailto,envoyé,informé,message,approfondi
536,23,536_prive_utilement_contracter_critiquer,prive,utilement,contracter,critiquer,recul,livrer,améliorer,stratégie,corriger,revanche
537,23,537_remanier_sursis_animal_milliard,remanier,sursis,animal,milliard,condamnation,culte,fracture,anti,chekatt,amendement
538,23,538_bernadet_deou_lalande_pvlou64,bernadet,deou,lalande,pvlou64,fiche,courriel,thème,citoyenneté,profession,06
539,23,539_cahier_doléance_doleance_vou,cahier,doléance,doleance,vou,st,,,,,
540,23,540_jeanclaude_coller_joindre_pièce,jeanclaude,coller,joindre,pièce,virus,avance,garanti,piece,15,envoyé
541,23,541_pagnysurmoselle_lemuhot_pagny_marie,pagnysurmoselle,lemuhot,pagny,marie,message,lafay,participez,antiviru,inconnu,correspondant
542,23,542_rognac_submission_hargentino_3993,rognac,submission,hargentino,3993,expéditeur,contact,fr,janv,saisir,node
543,22,543_bonjour_joint_cordialement_réception,bonjour,joint,cordialement,réception,cahier,ohain,eymouthier,59680,prier,trouver
544,22,544_coordonnée_tél_remarque_mail,coordonnée,tél,remarque,mail,prénom,débat,nom,tsvp,obligatoire,national
545,22,545_augmentation_tourlamain_falco_euro,augmentation,tourlamain,falco,euro,moue,smig,essor,retraite,mois,virer
546,22,546_senlis_connect_internaute_ractu,senlis,connect,internaute,ractu,envoyé,liter,remplir,formulaire,ville,tome
547,22,547_2nd_perceptible_institution_million,2nd,perceptible,institution,million,tour,stabilité,défiance,asile,tradition,laïcité
548,22,548_effroyable_histoire_rêve_rev,effroyable,histoire,rêve,rev,punition,souvenir,horizon,lécolo,monde,èm
549,22,549_stade_city_monne_civilisé,stade,city,monne,civilisé,amuser,2007,edonnel,braiger,assir,planquel
550,22,550_urne_faite_disponible_déposer,urne,faite,disponible,déposer,idée,contribution,demande,gpr,phrase,proposition
551,22,551_équestre_atypique_club_poney,équestre,atypique,club,poney,sportif,licencié,centre,équitation,ffe,agricole
552,22,552_incivilité_oui_destinataire_engagement,incivilité,oui,destinataire,engagement,discrimination,rôle,vou,migratoire,souhaitable,civique
553,22,553_milliard_fraude_pailhe_décoré,milliard,fraude,pailhe,décoré,fise,million,noir,cvae,dette,fiscal
554,22,554_sarl_dividende_gérant_entrepreneur,sarl,dividende,gérant,entrepreneur,patron,risque,électricien,majoritaire,développeur,chauffagiste
555,22,555_nuire_coût_faute_revalorisation,nuire,coût,faute,revalorisation,csg,injuste,ravire,retroacht,suppression,retroactif
556,22,556_asile_délivrer_progresser_histoire,asile,délivrer,progresser,histoire,intégration,séjour,migratoire,incivique,subsaharien,persécuter
557,22,557_fenarac_oniam_degré_madame,fenarac,oniam,degré,madame,marc,mesieur,monsieur,jean,retraité,pension
558,22,558_hauts_tom_cdi_inspecteur,hauts,tom,cdi,inspecteur,balance,attribué,compétivité,energétique,equilibrer,270
559,22,559_mars_numéro_préfet_porte,mars,numéro,préfet,porte,présent,expression,logo,71063,01,janvier
560,22,560_rivoli_vilette_deletoille_catherine,rivoli,vilette,deletoille,catherine,combustible,janv,fossile,insertion,deletoillec,amand
561,21,561_fraternelle_antisocial_annuité_véritablement,fraternelle,antisocial,annuité,véritablement,punitif,efficacement,cadeau,digne,générer,détenir
562,21,562_officiellement_sonore_retourner_voisinage,officiellement,sonore,retourner,voisinage,thématique,solliciter,municipalité,nuisance,charger,connaissance
563,21,563_entrepreneur_dividende_risque_sarl,entrepreneur,dividende,risque,sarl,gérant,vitrier,paysagiste,restaurateur,plombier,ambulancier
564,21,564_xad_rebâtir_respon_ins,xad,rebâtir,respon,ins,accepter,orienta,agresse,ample,accusation,sable
565,21,565_incompréhensible_amendable_20h00_synthèse,incompréhensible,amendable,20h00,synthèse,nort,erdre,remarque,instance,incertitude,expression
566,21,566_cahier_fleurac_painblanc_michei,cahier,fleurac,painblanc,michei,sumene,tille,max,amif,citoyen,
567,21,567_légalisation_mourir_euthanasie_létal,légalisation,mourir,euthanasie,létal,ifop,actif,décéder,sondage,intégrer,réanimation
568,21,568_inaliénable_policier_main_restauron,inaliénable,policier,main,restauron,crevé,liberté,concrétisation,abusif,allopathie,perquisition
569,21,569_aspiration_envoi_coordonnée_mars,aspiration,envoi,coordonnée,mars,consultation,rapporter,document,nom,attention,touraine
570,21,570_fatalité_conspiration_spécial_exploiteur,fatalité,conspiration,spécial,exploiteur,ruse,exploité,appât,berner,miséreux,confiance
571,21,571_vou_oui_démarche_destinataire,vou,oui,démarche,destinataire,polyvalent,autonomi,difficulté,agent,territorial,administratif
572,21,572_bsv_madec_déplacer_hennezi,bsv,madec,déplacer,hennezi,transport,ménage,cice,chauffer,tourisme,pl
573,21,573_étampe_109_cedex_étampes,étampe,109,cedex,étampes,homm,droits,attention,traiter,contribution,date
574,21,574_amender_signature_intégralité_obtention,amender,signature,intégralité,obtention,discuter,compléter,lisible,exeterer,entrer,encadrer
575,21,575_mari_cady_mois_cdd,mari,cady,mois,cdd,emplette,époux,époque,toucher,prenez,galère
576,21,576_grigny91_grignoise_cablnet_grignoi,grigny91,grignoise,cablnet,grignoi,atelier,synthèse,www,redistribution,revendication,doleance
577,21,577_amand_grandgirard_belvedere_ledwock,amand,grandgirard,belvedere,ledwock,eal,courbe,annoncer,vaast,pénurie,les
578,21,578_jelite_apprésentation_completeur_ucert,jelite,apprésentation,completeur,ucert,rebouche,frauder,toi,déploiement,muller,oublie
579,21,579_invite_adresser_lettre_participer,invite,adresser,lettre,participer,avis,débat,janvier,idée,national,république
580,21,580_925_réponse_59_23,925,réponse,59,23,recours,introduire,minute,30,institutionnel,publier
581,20,581_tétat_compétitive_efficace_électronique,tétat,compétitive,efficace,électronique,ci,réunion,formulaire,résidence,courrier,transmettre
582,20,582_messagerie_pro_désabonnement_dividende,messagerie,pro,désabonnement,dividende,poumon,investissant,cahuzac,littéralement,confiscatoire,étouffer
583,20,583_littéralement_poumon_étouffer_aberration,littéralement,poumon,étouffer,aberration,cahuzac,confiscatoire,notr,doélance,sarl,gérant
584,20,584_77100_meau_fier_histoire,77100,meau,fier,histoire,téléphone,message,postal,numéro,code,scholastiqu
585,20,585_lunette_paire_opticien_verre,lunette,paire,opticien,verre,monture,mutuelle,implant,zéro,annonce,314
586,20,586_abrogation_goutte_clonage_enfance,abrogation,goutte,clonage,enfance,sexuel,préservation,djihadist,squatteur,signalement,barbare
587,20,587_officiellement_thématique_retourner_solliciter,officiellement,thématique,retourner,solliciter,municipalité,charger,connaissance,principal,engager,citoyenneté
588,20,588_questionnaire_questionnair_suite_solidarité,questionnaire,questionnair,suite,solidarité,disparate,majeur,synthes,smic,démarrer,lavenant
589,20,589_patron_collectif_entrepreneur_courroie,patron,collectif,entrepreneur,courroie,digital,consultant,restaurateur,ambulancier,jardinage,développeur
590,20,590_narbonnai_carrefour_gare_port,narbonnai,carrefour,gare,port,correspondance,franco,portuaire,pensant,la,déporter
591,20,591_pauvreté_glacier_denrée_changement,pauvreté,glacier,denrée,changement,dimension,émergent,rigueur,indécis,glace,bouleversement
592,20,592_volslu_employé_travailler_ruer,volslu,employé,travailler,ruer,pareil,ruol,tôt,correctement,sieste,mois
593,20,593_sté_dissuasion_migrant_expulsion,sté,dissuasion,migrant,expulsion,parasite,viru,reformatage,renegociation,soustraire,immigration
594,20,594_coùt_indexer_inflation_indexation,coùt,indexer,inflation,indexation,cs,cart,mde,transparenc,lutte,rase
595,20,595_musicien_musique_musical_salle,musicien,musique,musical,salle,scène,tripartite,précédemment,style,administrateur,langue
596,20,596_surveillance_1204_l2121_taxation,surveillance,1204,l2121,taxation,déclaration,perdur,diminution,distribution,plossai,api
597,20,597_augmentation_retraite_augmenter_urgent,augmentation,retraite,augmenter,urgent,retraité,remettre,beaucoup,,,
598,20,598_illisble_flou_illsibil_illisubl,illisble,flou,illsibil,illisubl,boll,illsibl,instituer,impartialité,idée,ancien
599,19,599_compiler_vote_parti_abstentionniste,compiler,vote,parti,abstentionniste,lister,comptage,souterrain,référendum,ecologist,mixte
600,19,600_fimiçaise_adulation_traiter_ordre,fimiçaise,adulation,traiter,ordre,amif,définition,priorité,attention,lacune,strictement
601,19,601_patron_collectif_badonviller_entrepreneur,patron,collectif,badonviller,entrepreneur,commerçant,gérant,développeur,vitrier,sarl,paysagiste
602,19,602_kérosène_lencloître_fuel_avion,kérosène,lencloître,fuel,avion,chinie,habitate,lacs,grossesretraitent,extendre,anuler
603,19,603_publier_mail_informer_signature,publier,mail,informer,signature,prénom,adresse,age,accepter,suite,nom
604,19,604_tpn_invalidité_macron_chèque,tpn,invalidité,macron,chèque,euro,manger,sourd,prof,monsieur,arrogance
605,19,605_sapin_savelaine_serre_contribution,sapin,savelaine,serre,contribution,circonscription,souvelaine,cébazat,téléphone,sarvelaine,individuel
606,19,606_préfet_loire_saone_porter,préfet,loire,saone,porter,certifier,attestation,43,délégation,et,numéro
607,19,607_claustration_modulation_abroyer_interannuel,claustration,modulation,abroyer,interannuel,nocif,indépendantiste,modulable,combustion,2a,pauvre
608,19,608_perquisition_fichage_répression_censure,perquisition,fichage,répression,censure,protection,immunité,croyance,secret,plainte,judiciaire
609,19,609_bus_vélo_gare_flixbu,bus,vélo,gare,flixbu,jort,ex,accident,abonnement,causer,raison
610,19,610_tableau_satisfaction_mentionner_évènement,tableau,satisfaction,mentionner,évènement,ci,dessous,indiquer,difficulté,élément,rencontrer
611,19,611_chelle_ci_dessous_84,chelle,ci,dessous,84,formulaire,ensuite,contacter,transmettre,engager,disposition
612,19,612_baptise_x92avion_milliard_x92apporter,baptise,x92avion,milliard,x92apporter,magnétique,vis,2322,x92immigration,moteur,x92origine
613,19,613_moralité_journal_filiation_gendarmer,moralité,journal,filiation,gendarmer,accouche,morale,populaire,apprécier,respect,incivilité
614,19,614_victime_relaxe_appel_acquittement,victime,relaxe,appel,acquittement,pénal,détenu,peine,civil,conditionnel,libération
615,19,615_fraternelle_antisocial_annuité_véritablement,fraternelle,antisocial,annuité,véritablement,punitif,détenir,efficacement,cadeau,digne,générer
616,19,616_logement_hlm_moralité_loyer,logement,hlm,moralité,loyer,construire,marshall,bassin,priver,accessibilité,loger
617,19,617_fraterniter_liberté_fraternité_égalité,fraterniter,liberté,fraternité,égalité,taurie,liberte,fraternite,smc,egalit,egalité
618,19,618_pupille_orphelin_guerre_nation,pupille,orphelin,guerre,nation,recensement,décret,onac,conflit,père,onacvg
619,19,619_honneur_légion_sportif_prisavoir,honneur,légion,sportif,prisavoir,combatu,equitté,dressée,pisteur,honteux,grader
620,19,620_questionnair_questionnaire_appliquer_question,questionnair,questionnaire,appliquer,question,,,,,,
621,19,621_plainte_closer_saudi_impot,plainte,closer,saudi,impot,fichier,courier,binôme,unsécure,apparteneur,conjourement
622,19,622_favorable_10_filet_gdi,favorable,10,filet,gdi,bureaucratie,valorisant,inversement,donnez,simplicité,éradiquer
623,19,623_image_traiter_date_indexation,image,traiter,date,indexation,froge,ordre,attention,habitant,amif,distinction
624,19,624_compétitivité_prestation_élevé_concurrente,compétitivité,prestation,élevé,concurrente,maladie,assurance,cotisation,capitalisation,refléter,ailleurs
625,19,625_migrant_accueillir_religion_migration,migrant,accueillir,religion,migration,juif,lé2al,fuir,musulman,exact,lobbysme
626,19,626_vaudai_choisi_mars_consultation,vaudai,choisi,mars,consultation,facultatif,adresse,prénom,attention,thème,nom
627,19,627_avis_proposition_inviter_participation,avis,proposition,inviter,participation,identifier,intermédiaire,st,jouer,débat,thème
628,19,628_pétrol_surler_carmausin_motard,pétrol,surler,carmausin,motard,douteux,recenser,rail,doubler,tabac,opération
629,19,629_équestre_equitation_francilien_fédération,équestre,equitation,francilien,fédération,sportif,club,cavalier,subir,poney,chuter
630,19,630_drogue_senia_courbe_seuil,drogue,senia,courbe,seuil,frais,bénédiction,trafic,tertiaire,agoa,echét
631,19,631_patron_collectif_entrepreneur_risque,patron,collectif,entrepreneur,risque,développeur,vitrier,paysagiste,peintre,courroie,digital
632,19,632_exonérer_fabriquer_foie_encombrant,exonérer,fabriquer,foie,encombrant,baisser,modulation,outil,estimation,gras,denrée
633,19,633_élite_tentative_blessé_dépresseur,élite,tentative,blessé,dépresseur,énucléer,probablement,abdication,martyre,émasculer,brin
634,19,634_équestre_cavalerie_poney_sportif,équestre,cavalerie,poney,sportif,aune,déstructuration,ancrage,équitation,club,pesant
635,19,635_03800_begues_succeptibl_énumérer,03800,begues,succeptibl,énumérer,affichage,hameau,amrf,écrit,recueil,connecter
636,19,636_incivilité_civique_collective_engagement,incivilité,civique,collective,engagement,comportement,pénible,promouvoir,quotidien,parcours,valoriser
637,19,637_nseignement_maisonslaffitte_effacement_portabilité,nseignement,maisonslaffitte,effacement,portabilité,istiner,ail,duchemin,julie,contacter,opposition
638,19,638_raconter_rachat_pv_fatiguée,raconter,rachat,pv,fatiguée,surmener,policier,hein,dangereu,fumier,filer
639,18,639_performance_formation_préservation_université,performance,formation,préservation,université,gratuité,enseignement,présence,territoire,supérieur,effectif
640,18,640_intermédiaire_corps_utilité_efficacité,intermédiaire,corps,utilité,efficacité,sein,territorial,proximité,collectivité,démocratie,syndicat
641,18,641_législation_tom_hauts_balance,législation,tom,hauts,balance,inspecteur,270,asn,imposabl,légume,magasin
642,18,642_débuter_rédaction_indiquer_résidence,débuter,rédaction,indiquer,résidence,quartier,nom,réajuster,maximal,ssg,remercie
643,18,643_réponse_climate_59_displacement,réponse,climate,59,displacement,essence,minute,23,faveur,utilisateur,country
644,18,644_organisme_locataire_logement_locatif,organisme,locataire,logement,locatif,hlm,parc,elan,dénombrer,mizarit,enscuit
645,18,645_donnée_chambon_feugerolle_rectification,donnée,chambon,feugerolle,rectification,traitement,effacement,lechambon,epo,contacter,prenom
646,18,646_sectoriel_redistribution_euro_dépense,sectoriel,redistribution,euro,dépense,prestation,régalien,allocation,déficit,maladie,adulte
647,18,647_ultime_admd_rubrique_00,ultime,admd,rubrique,00,militant,légaliser,témoignage,infos,invite,mourir
648,18,648_nove_pétitionnaire_fiche_concertation,nove,pétitionnaire,fiche,concertation,graveson,comporter,décentraliser,observation,identifier,identité
649,18,649_survivant_irfm_est_gratuité,survivant,irfm,est,gratuité,614,elle,réversion,ell,vol,officiellement
650,18,650_quid_reconnecter_nuance_équation,quid,reconnecter,nuance,équation,mixte,circonscription,vote,étatique,député,connecter
651,18,651_prenez_participez_énoncer_approuver,prenez,participez,énoncer,approuver,entourer,redistribution,numéro,équitable,démocratique,prenom
652,18,652_station_touristique_maillon_modération,station,touristique,maillon,modération,ressenti,collectivement,expression,quotidiennement,hiver,messagerie
653,18,653_biodversité_insecte_autorégulation_organisme,biodversité,insecte,autorégulation,organisme,plastique,conversation,haie,patrimoine,hérission,frèquentation
654,18,654_tradition_laïcité_principe_figurer,tradition,laïcité,principe,figurer,associatif,vivace,juridique,repli,tentation,liberté
655,18,655_bobard_fronce_endormir_raconter,bobard,fronce,endormir,raconter,ouvrier,pareil,télé,poche,allaitement,éveil
656,18,656_soin_remboursement_habitat_qualité,soin,remboursement,habitat,qualité,norme,accès,solidaire,santé,environnement,monton
657,18,657_xad_tion_communica_transmis,xad,tion,communica,transmis,déve,cotisa,indé,loppeur,layer,consul
658,18,658_perquisition_fichage_liberticide_abolition,perquisition,fichage,liberticide,abolition,intégrité,racine,photo,vidéo,imprimer,sexuel
659,18,659_oui_souhaitable_réponse_associer,oui,souhaitable,réponse,associer,925,déclenchement,davantage,recours,sénateurs,applicable
660,18,660_complémentaire_euro_250_couple,complémentaire,euro,250,couple,net,maison,touche,cautione,maurie,nuce
661,18,661_amif_france_de_envoyez,amif,france,de,envoyez,association,ile,île,attention,courcouronne,évry
662,18,662_pri_renseigner_document_transmettre,pri,renseigner,document,transmettre,connaissance,signature,responsable,information,suite,fevrier
663,18,663_trottoir_mlm_professeur_barricade,trottoir,mlm,professeur,barricade,existant,contrôleur,incivilite,extinction,gaspi,gouter
664,18,664_revalorisation_remaniement_invalidité_immédiat,revalorisation,remaniement,invalidité,immédiat,su,balancer,automate,gouvernemental,combattre,salarial
665,17,665_euthanasie_légalisation_suicide_légaliser,euthanasie,légalisation,suicide,légaliser,tognini,sophic,assister,mourir,piazzali,actif
666,17,666_bénéfici_8h30_appui_veiller,bénéfici,8h30,appui,veiller,débattre,12h00,débat,autorité,12h,essentiel
667,17,667_m39_provilige_moceau_réfrai,m39,provilige,moceau,réfrai,oliveni,venney,faustrale,démunir,acquitter,assainissement
668,17,668_article_traité_titre_ii,article,traité,titre,ii,serment,constitution,indiquer,initiateur,ratifier,corruption
669,17,669_invidon_notu_suillen_lascke,invidon,notu,suillen,lascke,protester,charbonnière,compétante,demunaliser,tueur,béduer
670,17,670_fédéral_rencontre_assistance_confédération,fédéral,rencontre,assistance,confédération,antagonisme,inexorabilité,libéralisme,langue,breton,central
671,17,671_sachai_burra_pentivy_nanal,sachai,burra,pentivy,nanal,traner,heul,burquer,thiebaut,rural,laure
672,17,672_inter_politicarde_départements_infrastructure,inter,politicarde,départements,infrastructure,clé,communes,typ,reformon,pavaner,canton
673,17,673_cadeau_colère_rendez_éradication,cadeau,colère,rendez,éradication,poursuivre,aggraver,étrenne,reprendre,voeu,enrichir
674,17,674_féodalité_dominer_ressurgiront_trahir,féodalité,dominer,ressurgiront,trahir,constituante,règl,liquéfier,charognard,échangé,vièm
675,17,675_questionnaire_questionnair_tableau_,questionnaire,questionnair,tableau,,,,,,,
676,17,676_parent_enfant_alterné_adoption,parent,enfant,alterné,adoption,famille,ado,laborieu,fondation,jeune,garde
677,17,677_bq_⑨s_ok_com,bq,⑨s,ok,com,,,,,,
678,17,678_sarl_gérant_dividende_majoritaire,sarl,gérant,dividende,majoritaire,risque,littéralement,sas,poumon,insoutenable,investissant
679,17,679_remembrement_désigner_brutalité_représentant,remembrement,désigner,brutalité,représentant,handicqper,distribu2,supretier,qu4un,d4honneur,ex2cuter
680,17,680_éolien_schéma_sre_éolienne,éolien,schéma,sre,éolienne,nuisance,durable,volet,kilowatt,aggraver,infrason
681,17,681_vincelle_injurieu_homophobe_feuille,vincelle,injurieu,homophobe,feuille,raciste,correct,signer,propos,podor,naulin
682,17,682_poney_club_équestre_sport,poney,club,équestre,sport,sportif,mercredi,équitation,ineffectif,rythme,cheval
683,17,683_prix_baquette_gasoil_housse,prix,baquette,gasoil,housse,franc,euro,crépiter,baril,fumigène,litre
684,17,684_invalidité_plufur_pension_handicapé,invalidité,plufur,pension,handicapé,exerc,invalitée,handicap,conjoint,handicaper,scolarite
685,17,685_doélance_cahuzac_confiscatoire_dividende,doélance,cahuzac,confiscatoire,dividende,poumon,littéralement,investissant,étouffer,notr,faite
686,17,686_suggérer_monsieur_prier_défenseur,suggérer,monsieur,prier,défenseur,mourir,agréer,honneur,légalisation,feret,capitaliste
687,17,687_citoyenneté_démocratie_macuriere_fragneslaloyere,citoyenneté,démocratie,macuriere,fragneslaloyere,clanne,loyère,democratie,tél,09,03
688,17,688_velluire_vendée_sur_facultatif,velluire,vendée,sur,facultatif,vender,incorrect,adressée,injurieux,fiche,observation
689,17,689_tiré_amm_sort_flouter,tiré,amm,sort,flouter,assise,incrédule,étrangers,approuver,procès,huis
690,17,690_discrimination_migratoire_réponse_témoin,discrimination,migratoire,réponse,témoin,tolérant,répandre,intégration,immigration,définir,modalité
691,17,691_amendable_20h00_nort_synthèse,amendable,20h00,nort,synthèse,remarque,instance,expression,incertitude,distinction,erdre
692,17,692_formation_pmsmp_emploi_lesdit,formation,pmsmp,emploi,lesdit,inoffensif,chômage,diesel,fonction,humoriste,chômeur
693,17,693_parti_éclaireur_compiler_lieue,parti,éclaireur,compiler,lieue,programme,arbitre,abstentionniste,lister,référendum,hypocrite
694,16,694_paar_guillou_ifi_hebdomadaire,paar,guillou,ifi,hebdomadaire,ré,exonéron,quart,raccorder,luxueusement,compromettre
695,16,695_réponse_59_échelon_administratif,réponse,59,échelon,administratif,30,opérateur,23,minute,publier,km
696,16,696_asile_laïcité_tradition_citoyenneté,asile,laïcité,tradition,citoyenneté,migratoire,attachement,oui,intégration,incivilité,principe
697,16,697_par_kilomètre_radar_carburant,par,kilomètre,radar,carburant,heure,re,auparavant,andoue,mavracage,9km
698,16,698_lobbyiste_pajemploi_référendum_pétrol,lobbyiste,pajemploi,référendum,pétrol,retraaite,comitebastille,lobbyism,fëtidre,trànspm,graist
699,16,699_conduite_profession_routier_contrôlable,conduite,profession,routier,contrôlable,itinérance,mémoriel,conduire,cost,inscription,aspirant
700,16,700_iguerande_questionnement_03_décentralisation,iguerande,questionnement,03,décentralisation,inverse,tâche,retourner,registre,07,fax
701,16,701_combattant_contingent_attribution_ancien,combattant,contingent,attribution,ancien,génération,obéissance,militaire,juillet,séjourner,pérennisation
702,16,702_formulaire_grenoble_facultatif_solution,formulaire,grenoble,facultatif,solution,sce,reply,no,coordination,renseigner,general
703,16,703_héritage_tabac_indirect_alcool,héritage,tabac,indirect,alcool,succession,équité,direct,fiscalité,ménage,répartition
704,16,704_registre_amont_destinataire_registr,registre,amont,destinataire,registr,initier,inviter,mi,déposer,hôtel,proposition
705,16,705_inviter_débattre_mener_essentiel,inviter,débattre,mener,essentiel,thème,avis,citoyenneté,débat,partager,participer
706,16,706_darnetal_nectar_dupuis_in,darnetal,nectar,dupuis,in,filtrage,ouigo,cecile,tgv,dametal,reply
707,16,707_industrie_protéger_socialiser_demeurer,industrie,protéger,socialiser,demeurer,fin,lancement,rembourser,délocalisation,illégitime,employeur
708,16,708_soulever_préoccupation_éventuel_conséquence,soulever,préoccupation,éventuel,conséquence,principal,enjeux,enjeu,question,décroissances,libérisation
709,16,709_page_vide_document_suite,page,vide,document,suite,,,,,,
710,16,710_réduit_directive_adopter_révision,réduit,directive,adopter,révision,ecofin,taux,européen,équitation,commission,final
711,16,711_villepintoise_villepintoi_polyvalent_espérant,villepintoise,villepintoi,polyvalent,espérant,mars,efficace,salle,prochain,24h,poster
712,16,712_méritée_déclinent_pénible_travailler,méritée,déclinent,pénible,travailler,pauvre,proportionner,taigérie,premettre,allgiier,alzeimme
713,16,713_janvier_david_leodagan_buczho,janvier,david,leodagan,buczho,mecreant,cramer,hermitage,lundi,antoine,samedi
714,16,714_donnée_recueil_montivillier_françaiselibertéfich,donnée,recueil,montivillier,françaiselibertéfich,registre,achever,exposé,cadre,cocher,organisateur
715,16,715_espérance_wargnie_cahier_doléance,espérance,wargnie,cahier,doléance,soyez,espagnol,numéro,doléancer,17,12
716,16,716_organisation_service_état_etat,organisation,service,état,etat,public,reconnaissance,transparence,manque,territorial,comprendre
717,16,717_numéro_expression_porte_présent,numéro,expression,porte,présent,71439,71436,71220,71553,01,image
718,16,718_graphique_capteraient_ménage_aisé,graphique,capteraient,ménage,aisé,entamer,actualiser,arranger,2017,horizon,socio
719,16,719_pro_messagerie_dividende_cahuzac,pro,messagerie,dividende,cahuzac,littéralement,poumon,désabonnement,doélance,investissant,confiscatoire
720,16,720_mair_didier_jean_fwd,mair,didier,jean,fwd,jaun,ieandidiergarca,raynal,fondamentau,deom,ée
721,16,721_fiscalité_dépense_fiscalite_pri,fiscalité,dépense,fiscalite,pri,depense,public,syndicat,contribuable,frais,charge
722,16,722_réclamer_agricole_divorcés_acculer,réclamer,agricole,divorcés,acculer,insistance,réunir,exiger,véhémence,successoral,seuil
723,15,723_loire_granddebat_cahierscitoyens_cyr,loire,granddebat,cahierscitoyens,cyr,sur,fr,atlantique,02,gouv,orvault
724,15,724_député_émigré_mandat_subsidiarité,député,émigré,mandat,subsidiarité,frais,lannion,étrenne,pointage,eta,fonction
725,15,725_cher_allone_cheyenne_chèr,cher,allone,cheyenne,chèr,bouton,bal,demission,insalubre,concept,trop
726,15,726_777_supposition_fraude_taxon,777,supposition,fraude,taxon,milliard,peàaer,lamwtabl,intercomunauté,qardin,continencer
727,15,727_catalytique_handicap_ecologie_diesel,catalytique,handicap,ecologie,diesel,cpte,auditif,affirmation,outre,monsieur,malentender
728,15,728_encombrer_enfant_envisager_lillois,encombrer,enfant,envisager,lillois,enfance,06,lien,mdph,réunir,employé
729,15,729_évoluer_renoncer_complexe_positif,évoluer,renoncer,complexe,positif,vou,évolution,démarche,cours,raison,manière
730,15,730_recontacter_pli_confidentiel_message,recontacter,pli,confidentiel,message,destinataire,enveloppe,coordonnée,préciser,déposer,adresser
731,15,731_surtaxe_sablon_transition_interco,surtaxe,sablon,transition,interco,kérosèn,ticket,pollueur,jréunir,lamille,evou
732,15,732_mature_astreinte_ans_chayolain,mature,astreinte,ans,chayolain,x0e,thaon,fr3x21h,redonner,annal,connerie
733,15,733_indecent_ménagement_labbié_expresident,indecent,ménagement,labbié,expresident,effrayant,proposés,laã,débloquer,désaccord,evasion
734,15,734_colmatant_norvégien_démocratiser_imparfait,colmatant,norvégien,démocratiser,imparfait,illégalité,corollaire,omettre,tutoyer,taxi,friser
735,15,735_identification_courriel_compétitif_résidence,identification,courriel,compétitif,résidence,efficace,quotidien,énergie,logement,gmail,prénom
736,15,736_ruisseler_monarchique_paradis_précisément,ruisseler,monarchique,paradis,précisément,pluie,restituer,poisson,fourniture,indemnité,publication
737,15,737_bruz_bcp_thermiquement_eugénisme,bruz,bcp,thermiquement,eugénisme,entrée,visio,phoniquement,poire,concierge,fleuri
